Response	Bird Names	Blue Jay	Ruby-throated Hummingbird	Double-crested Cormorant	Brown Pelican	American Woodcock	Downy Woodpecker	Purple Martin	Northern Cardinal	Northern Mockingbird	Mourning Dove	Wild Turkey	Great Blue Heron	Herring Gull	Spotted Sandpiper	Red-tailed Hawk	Barred Owl	American Robin	Song Sparrow	American Goldfinch	American Crow	Mute Swan	Canada Goose	House Sparrow	Rock Pigeon	European Starling	Common Grackle	Black-capped Chickadee	Bald Eagle	Cooper's Hawk	Green Heron	Tufted Titmouse	Common Raven	Mallard	Northern Flicker	Turkey Vulture	Gray Catbird	Red-winged Blackbird	Dark-eyed Junco	Carolina Wren	Red-bellied Woodpecker	Chicken	House Finch	Cedar Waxwing	Yellow-rumped Warbler	White-breasted Nuthatch
Greg	7	Blue Jay	Todd	Nancy	Stork	Rachel	Pauletta	Magpie	Cardinal	Gus	Puff Daddy	Turkey	Heron	Dove	Lizard-Devouring Stranglebird	Falcon	Owl	Robin	Sparrow	FInch	Crow	Swan	Goose	Panera Bird	Pigeon	Colonel Mustard	Teal-Headed Wormeater	Joan of Bark	Bald Eagle	Falcon	Bruno Mars	Stationary Warbler	Raven	Mallard	Woodpecker	Vulture	Mockingbird	Blackbird	50 Shades of Grey Bird	Upward-peering Grosbeak	Woodpecker	Chicken	Red-tinted Charlatan	Porkrind-Eating Pufferbird	Sock-Stealing Enigma	Doubting Thomas
Hyden		Blue Jay	Hummingbird	Pelican	Pelican		Downy Woodpecker	Starling	Cardinal	Mockingbird	Dove	Turkey	Great Blue Heron	Seagull	Sandpiper	Osprey	Barred Owl	Robin	Sparrow	Goldfinch	Crow or Raven	Mute Swan	Canada Goose		Pigeon	Starling		Chickadee	Bald Eagle	Cooper's Hawk	Green Heron	Tufted Titmouse	Crow or Raven	Male Duck	Northern Flicker	Turkey Vulture		Red-winged Blackbird	Dark-eyed Junco		Red-bellied Woodpecker	Chicken	House Finch	Wax bird		
Correct		Blue Jay	Ruby-throated Hummingbird	Double-crested Cormorant	Brown Pelican	American Woodcock	Downy Woodpecker	Purple Martin	Northern Cardinal	Northern Mockingbird	Mourning Dove	Wild Turkey	Great Blue Heron	Herring Gull	Spotted Sandpiper	Red-tailed Hawk	Barred Owl	American Robin	Song Sparrow	American Goldfinch	American Crow	Mute Swan	Canada Goose	House Sparrow	Rock Pigeon	European Starling	Common Grackle	Black-capped Chickadee	Bald Eagle	Cooper's Hawk	Green Heron	Tufted Titmouse	Common Raven	Mallard	Northern Flicker	Turkey Vulture	Gray Catbird	Red-winged Blackbird	Dark-eyed Junco	Carolina Wren	Red-bellied Woodpecker	Chicken	House Finch	Cedar Waxwing	Yellow-rumped Warbler	White-breasted Nuthatch
Simple_Correct		Blue Jay	Hummingbird	Cormorant	Pelican	Woodcock	Woodpecker	Purple Martin	Cardinal	Mockingbird	Dove	Turkey	Heron	Seagull	Sandpiper	Hawk	Owl	Robin	Sparrow	Goldfinch	Crow	Swan	Goose	Sparrow	Pigeon	Starling	Grackle	Chickadee	Eagle	Hawk	Heron	Titmouse	Raven	Duck	Flicker	Vulture	Catbird	Blackbird	Junco	Wren	Woodpecker	Chicken	Finch	Waxwing	Warbler	Nuthatch
1	2	Blue Jay	Big hummingbird	Osprey	Pelican	No-head bird	Woodpecker	Blue crest	Cardinal	Chickadee	Dove	Turkey	Heron	Seagull	Mini king fisher	Hank	Owl		Grackle	Finch	Blue raven	Swan	Goose	Little hummingbird	Pigeon	Glossy Water bird	Rainbow Raven	Chickadee	Bald Eagle	Falcon	Kingfisher	Blue Cardinal	Raven	Duck	Diva bird	Vulture	Grackle	Raven	Shybird		Woodpecker	Chicken	Robin	Yellow-breasted warbler	Racer bird	Winter bird
2	3	Bluebird	Hummingbird	Heron	More of a Heron than previous		Woodpecker		Cardinal	Robin		Turkey	Heron	Seagull		Falcon	Owl					Swan																								
3	2	Blue Jay	Hummingbird	Flamingo	Stork	Hummingbird	Woodpecker	Balrog	Cardinal	Hummingbird	Grub chub	Chicken		Seagull			Owl		Hummingbird			Duck	Duck	Chickadee	PIgeon	Cleverbird	Blackbird	Fluffbird	Bald Eagle	Vulture	Longmouth	Toot	Crow	Duck		Turkey Vulture			pop		Woodpecker	Chicken	Wakeup bird	Snowbird	Sparrow	Goldfinch
4	10	Blue Jay	Seer sucker	Cormorant	Heron	Nuthatcher	Woodpecker	Black feathered eagle slayer	Cardinal	Sparrow	Dove	Turkey	Heron	Seagull	Nuthatcher	Eagle	Barn Owl	Pope	Chickadee	Death bird	Life bird	Swan	Goose	Chickadee	Feral Pigeon	Murder Bird	Tom	Chickadee	America Bird	Peregrin Falcon	Wading bird	Flying bird	Crow	Mallard	Red throated warbler	Vulture	Fake bird	Red feathered black bird	generic		Woodpecker	Pre-chicken-dinner		Zorro	Nuthatcher	Chickadee
5	3	Blue Jay	Hummingbird	Buzzard	Pelican		Woodpecker	Blackbird	Cardinal	Chickadee	Mourning Dove	Turkey	Crane	Seagull		Hawk	Owl	Robin				Swan	Goose	Sparrow	PIgeon		Raven	Black-capped Chickadee	Bald Eagle				Raven	Duck		Falcon		Red-winged Blackbird			Woodpecker	Chicken	Cardinal			
6	3	Blue Jay	Hummingbird	Heron	Pelican	Borbitt	Woodpecker	Grackle	Cardinal	Chickadee	Mourning Dove	Turkey	Stork	Seagull	Sandpiper	Hawk	Owl	Robin	Cutie pie	Goldfinch	Crow	Swan	Duck	Chickadee	Pigeon	Bobble-wobble	Grackle	Finch	Bald Eagle	Falcon	Water bird	Chickadee	Raven	Mallard	Kookaburra	Vulture	Boring bird	Blackbird	Ostrich	Titmouse	Woodpecker	Chicken	Warbler	Emperor Penguin	Chickadee	Chickadee
7	6	Blue Jay	Hummingbird	Dinosaur Relative	Heron	Kiwi	Woodpecker	Myna bird	Cardinal	Sparrow #57	Ptarmigan	Turkey	Egret	Seagull	Plover	Eagle	Owl	Robin	Sparrow	Finch	Starling	Swan	Canadian Goose	Thrush	Pigeon	Yellow billed car pooper bird	Magpie	Chickadee	Bald Eagle	Falcon	Fish hunting bird	Blue Jay	Crow	Duck	Sparrow #2	Vulture	Mr. Bird, I presume	Oriole	Quail	Other Sparrow #2	Red headed Woodpecker	Chicken	Communist Red Sparrow	Bank Robber Bird	Yellow Bellied Chickadee	Nuthatch
8	2	Blue Jay	Hummingbird	Cormorant	Pelican	Snow bird	Woodpecker	Blueblackbird	Cardinal	Sparrow	Fluffy pigeon	Turkey	Crane	Seagull	Sandpiper	Red-tailed Hawk	Owl	Robin	Sparrow	Canary	Crow	Swan	Canadian Goose	Normal small bird-sparrow	Pigeon	Black bird	Rainbow blackbird	Some cute name like blidget	Bald Eagle	Peregrine Falcon	Water bird stork	Starling	Black bird	Mallard	Forest Bird	Vulture	Vertical Sparrow	Blackbird	Sparrow pigeon	pointy sparrow	woodpecker	Chicken	Flat-nosed sparrow	round bird	sparrow with yellow	Blue sparrow
9		Blue Jay	Hummingbird	Baby peacock	Pelican	Juno	Black striped bird	angry blue bird	Red sparrow	Grey robin	Congested bird	Turkey	Stork	Seagull	Nature-like bird	Sparrow	Owl	Orange breasted bird	Cute brown bird	Yellow sparrow	Crow	White Swan	Goose	City bird	Pigeon	Colorful bird	Peacock head	Angry bird	Eagle	Baby owl	long beak bird	Blue robin	Crow	Duck	Native bird	Red headed eagle	Baby pigeon	Baby crow	silver bird	golden bird		Rooster	Red robin	calm bird	yellow breasted bird	grey bird
10	1	Blue Jay	Green lantern	Stoker	Hoscar	Puff daddy	December	Ocean	Red robin	Da bird	Riptide	Turkey	Flamingo	Easter	Weardbird	Falcon	Owl	Victory	Utter	Tomboy	Sorrow	Swan	Illmatic	Nesting	Pigeon	Olly	Joker	House Money	Eagle	Mock	Luther	Killingo	Pidgeotto	Duck	Brown	Hawk	Stem one	Purkit	Lockett	IPidgeon	Flu Breeze	Rooster	Red Dawn	Zorro	Xesus	Yolo
11	4	Blue Jay	Hummingbird	Cormorant	Pelican	Ptarmigan	Sparrow	Sparrow	Cardinal	Sparrow	Dove	Turkey	Heron	Seagull	Plover	Hawk	Owl	Robin	Sparrow	Oriole	Crow	Swan	Goose	Sparrow	Pigeon	Starling	Sparrow	Chickadee	Eagle	Hawk	Egret	Bluebird	Crow	Duck	Sparrow	Vulture	Sparrow	Red-winged Blackbird	Sparrow	Sparrow	Woodpecker	Chicken	Sparrow	Sparrow	Sparrow	Sparrow
12	3	Blue Jay	Hummingbird	Cormorant	Pelican	Greater pluot	Zimbabwe Twist	Blackbird	Cardinal	Lesser pluot	Tufted Salamander	Turkey	Blue heron	Seagull	Plover	Hawk	Owl	Robin	Sparrow	Canary	Crow	Swan	Goose	Wren	Pigeon	Slim Shady	Grackle	Warbler	Eagle	Dementor	Daddy long-legs	Emperor penguin	Raven	Duck	Argus plover	Hawk	Slanted Sisyphus	Maverick	Beedle's beetle	Tinosaur	Zebra finch	Chicken	Inverness Angler	Snowy grackle	Chickadee	Querrulous finch
13	3	Blue Jay	Hummingbird	Long-billed rhino	Stork	Plover	Woodpecker	Crow	Cardinal	Tree finch	Ptarmigan	Turkey	Heron	Seagull	grebe	Hawk	Owl	Black-hatted Chaches	Stripes	Finch	Raven	Swan	Goose	Sparrow	Pigeon	Grebe	Grackle	Trepple	Eagle	Kite	Osprey	Robin	Raven	Duck	Spotted Wickler	Condor	Nuthatch	Crow	Chaffinch	Veery	St. Timmon's Quelch	Chicken	Humbolot's Mebe	Trompous Pluffer	Bellbird	Low Thresper
14	7	Blue Jay	Hummingbird	Heron	Pelican		Woodpecker	Small crow	Cardinal	Canary		Turkey	Blue heron	Seagull		Hawk	Owl				Black crow	White Swan	Canada Goose		Pigeon				Bald Eagle	Hawk			Black crow	Mallard		Vulture						Chicken		Fat Thief		
15	3	Bluebird	Hummingbird	Cormorant	Albacross	Snowy Gaphard	Woodpecker	Sable Horcher	Cardinal	Robin	Buckle	Turkey	Heron	Seagull	Lesser spotted Naple	Fac	Barn Owl	Spelch	Grackle	Norbitt's Spelch	Spakle Grackle	Swan													Dappled Tupple	Hawk	Sparrow	Marrow	Default Bird	Sparrow	Advanced Woodpecker	Chicken	Duckle	Podgy Budgie	Fincher's finch	Filcher's finch
16	7	Bluebird	Hummingbird	Loon	Heron	Kookaburra	Woodpecker	Thrush	Cardinal	Wren	Pouter Pigeon	Turkey	Blue heron	Gull	Plover	Red tailed hawk	Owl	American Robin	Wren	Finch	Crow	Swan	Emperor Goose	Nuthatch	Pigeon	Grackle	Bird of Paradise	Wren	Bald Eagle	Peregrine	Kingfisher	Titmouse	Raven	Duck	Kingfisher	Goshawk	Live in redwoods, can't remember name	Magpie	Bluebird	Wren	Red-whatever woodpecker	RI Red	Nuthatch	Chickadee	Chickadee	House Sparrow
17	6	Blue Jay	Ruby-throated Hummingbird	Cormorant	Brown Pelican		Downy Woodpecker		Cardinal		Mourning Dove	Turkey	Blue heron	Ring-nosed gull	Piping plover	Red-tailed Hawk	Owl	Robin		Gold finch	Raven	Swan	Canada Goose	House Sparrow	Rock Dove	Starling		Black-capped Chickadee	Bald Eagle			Tufted Titmouse	Crow	Mallard		Vulture		Red-wing blackbird			Pileated Woodpecker	Chicken	House Finch			
18	3	Blue Jay	Woodpecker	Heron	Pelican				Cardinal			Turkey	Heron	Dove		Eagle	Spotted Owl					Swan	Duck		Pigeon	Same bird different color	Same bird different color	Same bird different color	Bald Eagle	Hawk			Black bird	Mallard duck		Dog eating hawk						Chicken				
19	6	Blue Jay	Hummingbird	Cormorant	Pelican	Sandpiper	Woodpecker	Blackbird	Cardinal	Mockingbird	Dove	Turkey	Heron	Seagull	Sandpiper	Red-tailed Hawk	Owl	Robin	Eastern Wren	Chickadee	Crow	Swan	Canada Goose	Sparrow	Pigeon	Dark woo-be-gone	Sudden apocalypse	Chickadee	Bald Eagle	Corpus Hawk	Tentative Heron	Kawaii Wren	Raven	Mallard	Dotted Pecker	Turkey Vulture	Grey Shadow	Red-wing blackbird	Chickawren	Wren	Woodpecker	Chicken	Wren	Cardinal Wren	Sparrow Wren	Pecker Wren
20	1	Blue Jay	Robin	Sparrow	Pelican	Stork	Woodpecker	Crow	Cardinal	Starling	Starling	Turkey	Heron	Seagull	Crow	Starling	Owl	Starling	Hawk	Egrit	Ibis	Swan	Goose	Mockingbird	Pigeon	Brown Tipped bird	Rainbow Bird	Chickadee	Bald Eagle	Snow bird	beak bird	fuzzy bird	crow	duck	Black stripe bird	Vulture	Grey bird	White spot bird	other grey bird	eye stripe fowl	Woodpecker	Chicken	Red bird	Puffer bird	meaneyed bird	Aquamarine