rank_overall,rank_in_order,Common name,Order,Family,Abundance estimate,Scientific name,normalized_sci_name,species_code,sum_abundance_mean,first_abundance
1,1,House Sparrow,Passeriformes,Passeridae (Old World Sparrows),1618744682,Passer domesticus,passerdomesticus,houspa,0.9729,0.9729
2,2,European Starling,Passeriformes,Sturnidae (Starlings),1288846040,Sturnus vulgaris,sturnusvulgaris,eursta,15.902000000000001,1.6242
3,1,Ring-billed Gull,Charadriiformes,"Laridae (Gulls, Terns, and Skimmers)",1229072620,Larus delawarensis,larusdelawarensis,ribgul,2.0891,0.2672
4,3,Barn Swallow,Passeriformes,Hirundinidae (Swallows),1076122004,Hirundo rustica,hirundorustica,barswa,2.7344999999999997,1.1279
5,2,Glaucous Gull,Charadriiformes,"Laridae (Gulls, Terns, and Skimmers)",949879030,Larus hyperboreus,larushyperboreus,glagul,0.9257,0.1694
6,4,Alder Flycatcher,Passeriformes,Tyrannidae (Tyrant Flycatchers),896919155,Empidonax alnorum,empidonaxalnorum,aldfly,0.14759999999999998,0.0739
7,5,Horned Lark,Passeriformes,Alaudidae (Larks),770962832,Eremophila alpestris,eremophilaalpestris,horlar,4.2696,0.429
8,6,Savannah Sparrow,Passeriformes,Passerellidae (New World Sparrows),599661514,Passerculus sandwichensis,passerculussandwichensis,savspa,1.8054,0.3502
9,7,American Robin,Passeriformes,Turdidae (Thrushes and Allies),561290332,Turdus migratorius,turdusmigratorius,amerob,11.4983,1.5717
10,8,Blue-gray Gnatcatcher,Passeriformes,Polioptilidae (Gnatcatchers),542518652,Polioptila caerulea,polioptilacaerulea,buggna,0.9088,0.3061
11,9,Red-winged Blackbird,Passeriformes,Icteridae (Troupials and Allies),418284484,Agelaius phoeniceus,agelaiusphoeniceus,rewbla,41.2812,3.0793
12,10,White Wagtail,Passeriformes,Motacillidae (Wagtails and Pipits),353854467,Motacilla alba,motacillaalba,whiwag,0.0012,6e-4
13,11,Golden-crowned Kinglet,Passeriformes,Regulidae (Kinglets),303330127,Regulus satrapa,regulussatrapa,gockin,0.8433999999999999,0.0828
14,12,Swainson's Thrush,Passeriformes,Turdidae (Thrushes and Allies),301610196,Catharus ustulatus,catharusustulatus,swathr,0.4225,0.1382
15,1,Rock Pigeon,Columbiformes,Columbidae (Pigeons and Doves),285765338,Columba livia,columbalivia,rocpig,1.0023,1.0023
16,13,Dark-eyed Junco,Passeriformes,Passerellidae (New World Sparrows),277840118,Junco hyemalis,juncohyemalis,daejun,5.847,0.3969
17,14,Chipping Sparrow,Passeriformes,Passerellidae (New World Sparrows),274773823,Spizella passerina,spizellapasserina,chispa,2.2984999999999998,0.5122
18,15,Yellow-rumped Warbler,Passeriformes,Parulidae (New World Warblers),260880003,Setophaga coronata,setophagacoronata,yerwar,2.8294000000000006,0.2553
19,16,Common Redpoll,Passeriformes,"Fringillidae (Finches, Euphonias, and Allies)",255561375,Acanthis flammea,acanthisflammea,comred,1.6970999999999998,0.2809
20,2,Mourning Dove,Columbiformes,Columbidae (Pigeons and Doves),239547974,Zenaida macroura,zenaidamacroura,moudov,6.4628000000000005,2.4277
21,17,White-throated Sparrow,Passeriformes,Passerellidae (New World Sparrows),217096172,Zonotrichia albicollis,zonotrichiaalbicollis,whtspa,1.6637,0.0481
22,18,Song Sparrow,Passeriformes,Passerellidae (New World Sparrows),214266112,Melospiza melodia,melospizamelodia,sonspa,2.4348,0.5381
23,19,Western Meadowlark,Passeriformes,Icteridae (Troupials and Allies),214156433,Sturnella neglecta,sturnellaneglecta,wesmea,2.1932,0.6236
24,20,House Wren,Passeriformes,Troglodytidae (Wrens),207824996,Troglodytes aedon,troglodytesaedon,houwre,0.9129,0.4072
25,21,Northern Cardinal,Passeriformes,Cardinalidae (Cardinals and Allies),204034397,Cardinalis cardinalis,cardinaliscardinalis,norcar,1.4827,1.4827
26,3,Eurasian Collared-Dove,Columbiformes,Columbidae (Pigeons and Doves),203977979,Streptopelia decaocto,streptopeliadecaocto,eucdov,0.4111,0.4111
27,22,Common Grackle,Passeriformes,Icteridae (Troupials and Allies),187073093,Quiscalus quiscula,quiscalusquiscula,comgra,14.2627,1.0742
28,23,Brown-headed Cowbird,Passeriformes,Icteridae (Troupials and Allies),184678527,Molothrus ater,molothrusater,bnhcow,6.0407,1.3457
29,24,White-winged Crossbill,Passeriformes,"Fringillidae (Finches, Euphonias, and Allies)",170978414,Loxia leucoptera,loxialeucoptera,whwcro,0.8599000000000001,0.0806
30,1,Mallard,Anseriformes,"Anatidae (Ducks, Geese, and Waterfowl)",167717060,Anas platyrhynchos,anasplatyrhynchos,mallar3,7.7996,0.7113
31,1,Cattle Egret,Pelecaniformes,"Ardeidae (Herons, Egrets, and Bitterns)",166208709,Bubulcus ibis,bubulcusibis,categr,1.2764,0.5958
32,3,Arctic Tern,Charadriiformes,"Laridae (Gulls, Terns, and Skimmers)",161798377,Sterna paradisaea,sternaparadisaea,arcter,0.0663,0.0663
33,25,Lapland Longspur,Passeriformes,Calcariidae (Longspurs and Snow Buntings),154820347,Calcarius lapponicus,calcariuslapponicus,laplon,2.2260999999999997,0.1015
34,26,Red-eyed Vireo,Passeriformes,"Vireonidae (Vireos, Shrike-Babblers, and Erpornis)",137406741,Vireo olivaceus,vireoolivaceus,reevir1,0.7861,0.4145
35,1,Ring-necked Pheasant,Galliformes,"Phasianidae (Pheasants, Grouse, and Allies)",129527900,Phasianus colchicus,phasianuscolchicus,rinphe,0.2905,0.2905
36,27,Northern Mockingbird,Passeriformes,Mimidae (Mockingbirds and Thrashers),124869634,Mimus polyglottos,mimuspolyglottos,normoc,1.2591999999999999,0.4291
37,4,Iceland Gull,Charadriiformes,"Laridae (Gulls, Terns, and Skimmers)",115337179,Larus glaucoides,larusglaucoides,y00478,0.0048000000000000004,0
38,28,Black-capped Chickadee,Passeriformes,"Paridae (Tits, Chickadees, and Titmice)",112012778,Poecile atricapillus,poecileatricapillus,bkcchi,0.592,0.592
39,29,Cliff Swallow,Passeriformes,Hirundinidae (Swallows),109528763,Petrochelidon pyrrhonota,petrochelidonpyrrhonota,cliswa,2.8091,1.781
40,30,Brewer's Blackbird,Passeriformes,Icteridae (Troupials and Allies),109369835,Euphagus cyanocephalus,euphaguscyanocephalus,brebla,1.9916999999999998,0.3127
41,5,Franklin's Gull,Charadriiformes,"Laridae (Gulls, Terns, and Skimmers)",108014410,Leucophaeus pipixcan,leucophaeuspipixcan,fragul,0.9741,0.1553
42,31,Yellow Warbler,Passeriformes,Parulidae (New World Warblers),105938206,Setophaga petechia,setophagapetechia,yelwar,0.9617,0.4093
43,6,Red-necked Phalarope,Charadriiformes,Scolopacidae (Sandpipers and Allies),101526658,Phalaropus lobatus,phalaropuslobatus,renpha,0.1185,0.1185
44,32,Lincoln's Sparrow,Passeriformes,Passerellidae (New World Sparrows),101350659,Melospiza lincolnii,melospizalincolnii,linspa,0.48960000000000004,0.0809
45,2,Northern Pintail,Anseriformes,"Anatidae (Ducks, Geese, and Waterfowl)",98587756,Anas acuta,anasacuta,norpin,2.2798,0.1157
46,33,Snow Bunting,Passeriformes,Calcariidae (Longspurs and Snow Buntings),98146299,Plectrophenax nivalis,plectrophenaxnivalis,snobun,0.6371,0.0087
47,34,White-crowned Sparrow,Passeriformes,Passerellidae (New World Sparrows),98005211,Zonotrichia leucophrys,zonotrichialeucophrys,whcspa,2.9957000000000003,0.2765
48,35,Magnolia Warbler,Passeriformes,Parulidae (New World Warblers),93097116,Setophaga magnolia,setophagamagnolia,magwar,0.1338,0.0203
49,36,American Crow,Passeriformes,"Corvidae (Crows, Jays, and Magpies)",91840173,Corvus brachyrhynchos,corvusbrachyrhynchos,amecro,5.0036000000000005,0.7083
50,3,Ring-necked Duck,Anseriformes,"Anatidae (Ducks, Geese, and Waterfowl)",91130489,Aythya collaris,aythyacollaris,rinduc,0.6388,0.0174
51,37,Pine Siskin,Passeriformes,"Fringillidae (Finches, Euphonias, and Allies)",90433461,Spinus pinus,spinuspinus,pinsis,1.8967,0.2749
52,38,White-eyed Vireo,Passeriformes,"Vireonidae (Vireos, Shrike-Babblers, and Erpornis)",90305148,Vireo griseus,vireogriseus,whevir,0.5659000000000001,0.2244
53,4,Common Ground-Dove,Columbiformes,Columbidae (Pigeons and Doves),89936706,Columbina passerina,columbinapasserina,cogdov,0.0287,0.0287
54,7,Herring Gull,Charadriiformes,"Laridae (Gulls, Terns, and Skimmers)",89542122,Larus argentatus,larusargentatus,hergul,0.6627000000000001,0.1661
55,39,Indigo Bunting,Passeriformes,Cardinalidae (Cardinals and Allies),87201014,Passerina cyanea,passerinacyanea,indbun,1.112,0.5804
56,4,Canada Goose,Anseriformes,"Anatidae (Ducks, Geese, and Waterfowl)",87184210,Branta canadensis,brantacanadensis,cangoo,18.2369,1.0064
57,8,White-rumped Sandpiper,Charadriiformes,Scolopacidae (Sandpipers and Allies),84606359,Calidris fuscicollis,calidrisfuscicollis,whrsan,0.0506,0
58,5,Snow Goose,Anseriformes,"Anatidae (Ducks, Geese, and Waterfowl)",83913086,Anser caerulescens,ansercaerulescens,snogoo,41.9799,0.0146
59,40,Arctic Warbler,Passeriformes,Phylloscopidae (Leaf Warblers),83250665,Phylloscopus borealis,phylloscopusborealis,arcwar1,0.018899999999999997,0.0107
60,41,House Finch,Passeriformes,"Fringillidae (Finches, Euphonias, and Allies)",82119779,Haemorhous mexicanus,haemorhousmexicanus,houfin,0.9477,0.9477
61,42,Townsend's Warbler,Passeriformes,Parulidae (New World Warblers),81482333,Setophaga townsendi,setophagatownsendi,towwar,0.0956,0.0262
62,43,Varied Thrush,Passeriformes,Turdidae (Thrushes and Allies),81301690,Ixoreus naevius,ixoreusnaevius,varthr,0.18969999999999998,0.0339
63,9,Semipalmated Sandpiper,Charadriiformes,Scolopacidae (Sandpipers and Allies),78862750,Calidris pusilla,calidrispusilla,semsan,0.2583,0.0372
64,6,Greater White-fronted Goose,Anseriformes,"Anatidae (Ducks, Geese, and Waterfowl)",77365597,Anser albifrons,anseralbifrons,gwfgoo,5.1972000000000005,0.0897
65,44,American Goldfinch,Passeriformes,"Fringillidae (Finches, Euphonias, and Allies)",76926921,Spinus tristis,spinustristis,amegfi,3.832,0.8642
66,10,Dunlin,Charadriiformes,Scolopacidae (Sandpipers and Allies),74082180,Calidris alpina,calidrisalpina,dunlin,0.5384,0.018
67,1,Black Vulture,Cathartiformes,Cathartidae (New World Vultures),73934521,Coragyps atratus,coragypsatratus,blkvul,0.5916,0.5916
68,45,Common Yellowthroat,Passeriformes,Parulidae (New World Warblers),73754462,Geothlypis trichas,geothlypistrichas,comyel,1.0843,0.556
69,46,Eastern Phoebe,Passeriformes,Tyrannidae (Tyrant Flycatchers),73428328,Sayornis phoebe,sayornisphoebe,easpho,0.8119000000000001,0.1873
70,47,Hermit Thrush,Passeriformes,Turdidae (Thrushes and Allies),73129157,Catharus guttatus,catharusguttatus,herthr,0.46040000000000003,0.1211
71,48,Cedar Waxwing,Passeriformes,Bombycillidae (Waxwings),72905406,Bombycilla cedrorum,bombycillacedrorum,cedwax,2.718,0.4877
72,11,Laughing Gull,Charadriiformes,"Laridae (Gulls, Terns, and Skimmers)",71587859,Leucophaeus atricilla,leucophaeusatricilla,laugul,0.9672999999999999,0.3266
73,2,Turkey Vulture,Cathartiformes,Cathartidae (New World Vultures),70786507,Cathartes aura,cathartesaura,turvul,4.1744,1.1365
74,49,Gray-cheeked Thrush,Passeriformes,Turdidae (Thrushes and Allies),70534687,Catharus minimus,catharusminimus,gycthr,0.1139,0.0452
75,50,Black-throated Sparrow,Passeriformes,Passerellidae (New World Sparrows),70333300,Amphispiza bilineata,amphispizabilineata,bktspa,0.3423,0.1073
76,51,Wilson's Warbler,Passeriformes,Parulidae (New World Warblers),63781688,Cardellina pusilla,cardellinapusilla,wlswar,0.48710000000000003,0.0808
77,52,Blue Grosbeak,Passeriformes,Cardinalidae (Cardinals and Allies),63575766,Passerina caerulea,passerinacaerulea,blugrb1,0.3734,0.2199
78,12,Red Knot,Charadriiformes,Scolopacidae (Sandpipers and Allies),62640390,Calidris canutus,calidriscanutus,redkno,0.023100000000000002,0.0021
79,53,Clay-colored Sparrow,Passeriformes,Passerellidae (New World Sparrows),62584333,Spizella pallida,spizellapallida,clcspa,0.308,0.0946
80,54,Eastern Bluebird,Passeriformes,Turdidae (Thrushes and Allies),60548459,Sialia sialis,sialiasialis,easblu,1.7654,0.3234
81,55,Common Myna,Passeriformes,Sturnidae (Starlings),59142818,Acridotheres tristis,acridotherestristis,commyn,0.0072,0.0072
82,56,Prairie Warbler,Passeriformes,Parulidae (New World Warblers),59013734,Setophaga discolor,setophagadiscolor,prawar,0.1124,0.0454
83,1,American Coot,Gruiformes,"Rallidae (Rails, Gallinules, and Coots)",58912804,Fulica americana,fulicaamericana,y00475,3.8284000000000002,0.5237
84,13,Lesser Black-backed Gull,Charadriiformes,"Laridae (Gulls, Terns, and Skimmers)",58600962,Larus fuscus,larusfuscus,lbbgul,0.0027,2e-4
85,14,Ruddy Turnstone,Charadriiformes,Scolopacidae (Sandpipers and Allies),57976203,Arenaria interpres,arenariainterpres,rudtur,0.0432,0.0046
86,2,Great Egret,Pelecaniformes,"Ardeidae (Herons, Egrets, and Bitterns)",57358864,Ardea alba,ardeaalba,greegr,0.7893,0.3331
87,7,Green-winged Teal,Anseriformes,"Anatidae (Ducks, Geese, and Waterfowl)",56760899,Anas crecca,anascrecca,gnwtea,1.6885,0.0794
88,15,Pacific Golden-Plover,Charadriiformes,Charadriidae (Plovers and Lapwings),54842893,Pluvialis fulva,pluvialisfulva,pagplo,0.0132,0.0022
89,57,Eastern Kingbird,Passeriformes,Tyrannidae (Tyrant Flycatchers),54090449,Tyrannus tyrannus,tyrannustyrannus,easkin,0.7825,0.3904
90,16,Least Sandpiper,Charadriiformes,Scolopacidae (Sandpipers and Allies),52765802,Calidris minutilla,calidrisminutilla,leasan,0.5670000000000001,0.0208
91,17,Black-bellied Plover,Charadriiformes,Charadriidae (Plovers and Lapwings),52525654,Pluvialis squatarola,pluvialissquatarola,bkbplo,0.08360000000000001,0.0091
92,8,Eurasian Wigeon,Anseriformes,"Anatidae (Ducks, Geese, and Waterfowl)",52349060,Mareca penelope,marecapenelope,eurwig,0.0012000000000000001,3e-4
93,18,Whimbrel,Charadriiformes,Scolopacidae (Sandpipers and Allies),52205963,Numenius phaeopus,numeniusphaeopus,whimbr,0.0692,0.0201
94,58,Northern Parula,Passeriformes,Parulidae (New World Warblers),49962873,Setophaga americana,setophagaamericana,norpar,0.28590000000000004,0.0963
95,59,Bank Swallow,Passeriformes,Hirundinidae (Swallows),49357199,Riparia riparia,ripariariparia,banswa,0.48929999999999996,0.1795
96,19,Pectoral Sandpiper,Charadriiformes,Scolopacidae (Sandpipers and Allies),49292095,Calidris melanotos,calidrismelanotos,pecsan,0.27690000000000003,0.0215
97,60,Eurasian Tree Sparrow,Passeriformes,Passeridae (Old World Sparrows),47643490,Passer montanus,passermontanus,eutspa,0.0047,0.0047
98,61,Gray Catbird,Passeriformes,Mimidae (Mockingbirds and Thrashers),47471354,Dumetella carolinensis,dumetellacarolinensis,grycat,0.768,0.3126
99,62,Blue Jay,Passeriformes,"Corvidae (Crows, Jays, and Magpies)",47457226,Cyanocitta cristata,cyanocittacristata,blujay,3.3657999999999997,0.534
100,20,Pomarine Jaeger,Charadriiformes,Stercorariidae (Skuas and Jaegers),47439504,Stercorarius pomarinus,stercorariuspomarinus,pomjae,0.0041,0.0041
101,63,Common Raven,Passeriformes,"Corvidae (Crows, Jays, and Magpies)",47152451,Corvus corax,corvuscorax,comrav,1.465,1.465
102,64,Pine Warbler,Passeriformes,Parulidae (New World Warblers),47057414,Setophaga pinus,setophagapinus,pinwar,0.5865,0.1001
103,65,Pine Grosbeak,Passeriformes,"Fringillidae (Finches, Euphonias, and Allies)",46642541,Pinicola enucleator,pinicolaenucleator,pingro,0.4308,0.0104
104,66,Boreal Chickadee,Passeriformes,"Paridae (Tits, Chickadees, and Titmice)",46066459,Poecile hudsonicus,poecilehudsonicus,borchi2,0.0716,0.0716
105,67,Northern Rough-winged Swallow,Passeriformes,Hirundinidae (Swallows),45686312,Stelgidopteryx serripennis,stelgidopteryxserripennis,nrwswa,0.5496,0.232
106,68,Carolina Wren,Passeriformes,Troglodytidae (Wrens),45096063,Thryothorus ludovicianus,thryothorusludovicianus,carwre,0.532,0.532
107,21,Western Sandpiper,Charadriiformes,Scolopacidae (Sandpipers and Allies),43774252,Calidris mauri,calidrismauri,wessan,0.44589999999999996,0.0382
108,22,Northern Lapwing,Charadriiformes,Charadriidae (Plovers and Lapwings),43487298,Vanellus vanellus,vanellusvanellus,norlap,0,0
109,69,American Redstart,Passeriformes,Parulidae (New World Warblers),43336179,Setophaga ruticilla,setophagaruticilla,amered,0.3362,0.1115
110,23,Red-necked Stint,Charadriiformes,Scolopacidae (Sandpipers and Allies),42947992,Calidris ruficollis,calidrisruficollis,rensti,1e-4,0
111,24,Black-necked Stilt,Charadriiformes,Recurvirostridae (Stilts and Avocets),42892040,Himantopus mexicanus,himantopusmexicanus,bknsti,0.35039999999999993,0.1301
112,3,Snowy Egret,Pelecaniformes,"Ardeidae (Herons, Egrets, and Bitterns)",42498759,Egretta thula,egrettathula,snoegr,0.262,0.0743
113,70,Eastern Meadowlark,Passeriformes,Icteridae (Troupials and Allies),42402656,Sturnella magna,sturnellamagna,easmea,0.9720000000000001,0.232
114,25,Glaucous-winged Gull,Charadriiformes,"Laridae (Gulls, Terns, and Skimmers)",42391491,Larus glaucescens,larusglaucescens,glwgul,0.6916,0.1224
115,26,Lesser Yellowlegs,Charadriiformes,Scolopacidae (Sandpipers and Allies),41592429,Tringa flavipes,tringaflavipes,lesyel,0.3058,0.0216
116,71,Hoary Redpoll,Passeriformes,"Fringillidae (Finches, Euphonias, and Allies)",41585696,Acanthis hornemanni,acanthishornemanni,hoared,0.029699999999999997,0.0255
117,27,Long-tailed Jaeger,Charadriiformes,Stercorariidae (Skuas and Jaegers),40432451,Stercorarius longicaudus,stercorariuslongicaudus,lotjae,0.026,0.026
118,28,Baird's Sandpiper,Charadriiformes,Scolopacidae (Sandpipers and Allies),40210365,Calidris bairdii,calidrisbairdii,baisan,0.0653,0
119,29,Hudsonian Godwit,Charadriiformes,Scolopacidae (Sandpipers and Allies),40153227,Limosa haemastica,limosahaemastica,hudgod,0.0126,8e-4
120,9,Long-tailed Duck,Anseriformes,"Anatidae (Ducks, Geese, and Waterfowl)",39986676,Clangula hyemalis,clangulahyemalis,lotduc,0.19820000000000002,0.0331
121,4,Black-crowned Night-Heron,Pelecaniformes,"Ardeidae (Herons, Egrets, and Bitterns)",39581806,Nycticorax nycticorax,nycticoraxnycticorax,bcnher,0.0678,0.0293
122,5,Glossy Ibis,Pelecaniformes,Threskiornithidae (Ibises and Spoonbills),39547553,Plegadis falcinellus,plegadisfalcinellus,gloibi,0.07039999999999999,0.0133
123,72,Scaly-breasted Munia,Passeriformes,Estrildidae (Waxbills and Allies),39202384,Lonchura punctulata,lonchurapunctulata,nutman,0.0035,0.0035
124,73,Spotted Towhee,Passeriformes,Passerellidae (New World Sparrows),39184608,Pipilo maculatus,pipilomaculatus,spotow,0.546,0.1507
125,74,Blackpoll Warbler,Passeriformes,Parulidae (New World Warblers),39005526,Setophaga striata,setophagastriata,bkpwar,0.1222,0.0263
126,75,Western Kingbird,Passeriformes,Tyrannidae (Tyrant Flycatchers),38791193,Tyrannus verticalis,tyrannusverticalis,weskin,0.6057,0.3294
127,2,Common Gallinule,Gruiformes,"Rallidae (Rails, Gallinules, and Coots)",38524783,Gallinula galeata,gallinulagaleata,comgal1,0.1188,0.0268
128,1,Ruby-throated Hummingbird,Caprimulgiformes,Trochilidae (Hummingbirds),38146029,Archilochus colubris,archilochuscolubris,rthhum,0.29979999999999996,0.1303
129,30,Semipalmated Plover,Charadriiformes,Charadriidae (Plovers and Lapwings),37778520,Charadrius semipalmatus,charadriussemipalmatus,semplo,0.0818,0.0135
130,76,Great-tailed Grackle,Passeriformes,Icteridae (Troupials and Allies),37019015,Quiscalus mexicanus,quiscalusmexicanus,grtgra,0.6854000000000001,0.1431
131,77,Eurasian Skylark,Passeriformes,Alaudidae (Larks),36454980,Alauda arvensis,alaudaarvensis,skylar,0.0012,3e-4
132,78,Great Kiskadee,Passeriformes,Tyrannidae (Tyrant Flycatchers),36043298,Pitangus sulphuratus,pitangussulphuratus,grekis,0.0045,0.0045
133,10,Tufted Duck,Anseriformes,"Anatidae (Ducks, Geese, and Waterfowl)",35898153,Aythya fuligula,aythyafuligula,tufduc,0,0
134,79,Warbling Vireo,Passeriformes,"Vireonidae (Vireos, Shrike-Babblers, and Erpornis)",35629640,Vireo gilvus,vireogilvus,warvir,0.4986999999999999,0.2522
135,1,Red-bellied Woodpecker,Piciformes,Picidae (Woodpeckers),35486803,Melanerpes carolinus,melanerpescarolinus,rebwoo,0.4932,0.4932
136,11,Common Merganser,Anseriformes,"Anatidae (Ducks, Geese, and Waterfowl)",35001347,Mergus merganser,mergusmerganser,commer,0.3177,0.0233
137,80,Tropical Kingbird,Passeriformes,Tyrannidae (Tyrant Flycatchers),34891935,Tyrannus melancholicus,tyrannusmelancholicus,trokin,6.000000000000001e-4,2e-4
138,81,Golden-crowned Sparrow,Passeriformes,Passerellidae (New World Sparrows),34418288,Zonotrichia atricapilla,zonotrichiaatricapilla,gocspa,0.2435,0.0435
139,31,Black Skimmer,Charadriiformes,"Laridae (Gulls, Terns, and Skimmers)",34345427,Rynchops niger,rynchopsniger,blkski,0.07400000000000001,0.0284
140,1,Eared Grebe,Podicipediformes,Podicipedidae (Grebes),34341639,Podiceps nigricollis,podicepsnigricollis,eargre,0.492,0.137
141,32,Caspian Tern,Charadriiformes,"Laridae (Gulls, Terns, and Skimmers)",34293664,Hydroprogne caspia,hydroprognecaspia,caster1,0.0492,0.0164
142,33,Parasitic Jaeger,Charadriiformes,Stercorariidae (Skuas and Jaegers),34201376,Stercorarius parasiticus,stercorariusparasiticus,parjae,0.0131,0.0131
143,82,Blackburnian Warbler,Passeriformes,Parulidae (New World Warblers),33974706,Setophaga fusca,setophagafusca,bkbwar,0.0735,0.026
144,5,Spotted Dove,Columbiformes,Columbidae (Pigeons and Doves),33939591,Streptopelia chinensis,streptopeliachinensis,spodov,0.0034,0.0034
145,12,Blue-winged Teal,Anseriformes,"Anatidae (Ducks, Geese, and Waterfowl)",33909591,Spatula discors,spatuladiscors,buwtea,1.076,0.1501
146,13,American Wigeon,Anseriformes,"Anatidae (Ducks, Geese, and Waterfowl)",33830766,Mareca americana,marecaamericana,amewig,1.0666,0.0865
147,34,Great Black-backed Gull,Charadriiformes,"Laridae (Gulls, Terns, and Skimmers)",33499895,Larus marinus,larusmarinus,gbbgul,0.0255,0.0255
148,83,Red Crossbill,Passeriformes,"Fringillidae (Finches, Euphonias, and Allies)",33051248,Loxia curvirostra,loxiacurvirostra,redcro,0.41509999999999997,0.0997
149,84,Eastern Towhee,Passeriformes,Passerellidae (New World Sparrows),33040908,Pipilo erythrophthalmus,pipiloerythrophthalmus,eastow,0.7792,0.2151
150,85,Orchard Oriole,Passeriformes,Icteridae (Troupials and Allies),32974429,Icterus spurius,icterusspurius,orcori,0.43139999999999995,0.2274
151,35,Wilson's Phalarope,Charadriiformes,Scolopacidae (Sandpipers and Allies),32852008,Phalaropus tricolor,phalaropustricolor,wilpha,1.2784,0.7415
152,36,Sanderling,Charadriiformes,Scolopacidae (Sandpipers and Allies),32522051,Calidris alba,calidrisalba,sander,0.10300000000000001,0.0312
153,6,Ruddy Ground-Dove,Columbiformes,Columbidae (Pigeons and Doves),32374526,Columbina talpacoti,columbinatalpacoti,rugdov,0,0
154,37,Bonaparte's Gull,Charadriiformes,"Laridae (Gulls, Terns, and Skimmers)",31849163,Chroicocephalus philadelphia,chroicocephalusphiladelphia,bongul,0.1701,0.0187
155,14,Red-breasted Merganser,Anseriformes,"Anatidae (Ducks, Geese, and Waterfowl)",31258494,Mergus serrator,mergusserrator,rebmer,0.15009999999999998,0.0163
156,86,Yellow-bellied Flycatcher,Passeriformes,Tyrannidae (Tyrant Flycatchers),30776995,Empidonax flaviventris,empidonaxflaviventris,yebfly,0.0171,0.0052
157,87,Bluethroat,Passeriformes,Muscicapidae (Old World Flycatchers),30584394,Luscinia svecica,lusciniasvecica,blueth,0.0073,0.0032
158,15,Black Scoter,Anseriformes,"Anatidae (Ducks, Geese, and Waterfowl)",30211842,Melanitta americana,melanittaamericana,blksco2,0.1172,0.0032
159,88,Gray Kingbird,Passeriformes,Tyrannidae (Tyrant Flycatchers),30207177,Tyrannus dominicensis,tyrannusdominicensis,grykin,5e-4,3e-4
160,89,Red-breasted Nuthatch,Passeriformes,Sittidae (Nuthatches),29653605,Sitta canadensis,sittacanadensis,rebnut,0.6241,0.1323
161,38,Gull-billed Tern,Charadriiformes,"Laridae (Gulls, Terns, and Skimmers)",29635091,Gelochelidon nilotica,gelochelidonnilotica,gubter1,0.0039,0.0029
162,90,Vesper Sparrow,Passeriformes,Passerellidae (New World Sparrows),29481350,Pooecetes gramineus,pooecetesgramineus,vesspa,0.6185,0.1917
163,91,Ovenbird,Passeriformes,Parulidae (New World Warblers),29409574,Seiurus aurocapilla,seiurusaurocapilla,ovenbi1,0.2609,0.1246
164,6,Brown Pelican,Pelecaniformes,Pelecanidae (Pelicans),29369405,Pelecanus occidentalis,pelecanusoccidentalis,brnpel,0.402,0.1731
165,92,Purple Martin,Passeriformes,Hirundinidae (Swallows),28647874,Progne subis,prognesubis,purmar,0.9487000000000001,0.2343
166,93,Scissor-tailed Flycatcher,Passeriformes,Tyrannidae (Tyrant Flycatchers),28632524,Tyrannus forficatus,tyrannusforficatus,sctfly,0.26,0.1239
167,94,Shiny Cowbird,Passeriformes,Icteridae (Troupials and Allies),28507866,Molothrus bonariensis,molothrusbonariensis,shicow,0,0
168,2,Downy Woodpecker,Piciformes,Picidae (Woodpeckers),28459924,Dryobates pubescens,dryobatespubescens,dowwoo,0.5156,0.5156
169,16,Cackling Goose,Anseriformes,"Anatidae (Ducks, Geese, and Waterfowl)",27987404,Branta hutchinsii,brantahutchinsii,cacgoo1,1.5255999999999998,0.0261
170,95,Carolina Chickadee,Passeriformes,"Paridae (Tits, Chickadees, and Titmice)",27814198,Poecile carolinensis,poecilecarolinensis,carchi,0.4912,0.4912
171,17,Black-bellied Whistling-Duck,Anseriformes,"Anatidae (Ducks, Geese, and Waterfowl)",27814085,Dendrocygna autumnalis,dendrocygnaautumnalis,bbwduc,0.2077,0.0699
172,96,Summer Tanager,Passeriformes,Cardinalidae (Cardinals and Allies),27509048,Piranga rubra,pirangarubra,sumtan,0.2807,0.1159
173,18,Ruddy Duck,Anseriformes,"Anatidae (Ducks, Geese, and Waterfowl)",27465919,Oxyura jamaicensis,oxyurajamaicensis,rudduc,0.6591,0.0617
174,97,Swamp Sparrow,Passeriformes,Passerellidae (New World Sparrows),27350684,Melospiza georgiana,melospizageorgiana,swaspa,0.6283,0.0552
175,39,Greater Yellowlegs,Charadriiformes,Scolopacidae (Sandpipers and Allies),27196692,Tringa melanoleuca,tringamelanoleuca,greyel,0.2046,0.0049
176,40,Royal Tern,Charadriiformes,"Laridae (Gulls, Terns, and Skimmers)",27184831,Thalasseus maximus,thalasseusmaximus,royter1,0.369,0.2682
177,41,Common Tern,Charadriiformes,"Laridae (Gulls, Terns, and Skimmers)",27073614,Sterna hirundo,sternahirundo,comter,0.1094,0.059
178,19,Egyptian Goose,Anseriformes,"Anatidae (Ducks, Geese, and Waterfowl)",27045152,Alopochen aegyptiaca,alopochenaegyptiaca,egygoo,5e-4,5e-4
179,98,Black-and-white Warbler,Passeriformes,Parulidae (New World Warblers),27029336,Mniotilta varia,mniotiltavaria,bawwar,0.2253,0.0744
180,1,White-winged Parakeet,Psittaciformes,Psittacidae (New World and African Parrots),26862073,Brotogeris versicolurus,brotogerisversicolurus,whwpar,0,0
181,1,Magnificent Frigatebird,Suliformes,Fregatidae (Frigatebirds),26183427,Fregata magnificens,fregatamagnificens,magfri,0.0068000000000000005,0.0032
182,20,Common Goldeneye,Anseriformes,"Anatidae (Ducks, Geese, and Waterfowl)",26171669,Bucephala clangula,bucephalaclangula,comgol,0.35600000000000004,0.0063
183,7,White-faced Ibis,Pelecaniformes,Threskiornithidae (Ibises and Spoonbills),26169742,Plegadis chihi,plegadischihi,whfibi,0.8937999999999999,0.1998
184,42,Black Tern,Charadriiformes,"Laridae (Gulls, Terns, and Skimmers)",26164458,Chlidonias niger,chlidoniasniger,blkter,0.1451,0.0614
185,21,Lesser Scaup,Anseriformes,"Anatidae (Ducks, Geese, and Waterfowl)",25895447,Aythya affinis,aythyaaffinis,lessca,0.6242,0.0379
186,22,Surf Scoter,Anseriformes,"Anatidae (Ducks, Geese, and Waterfowl)",25643719,Melanitta perspicillata,melanittaperspicillata,sursco,0.3403,0.0272
187,99,Winter Wren,Passeriformes,Troglodytidae (Wrens),25583118,Troglodytes hiemalis,troglodyteshiemalis,winwre3,0.1263,0.0239
188,1,Broad-winged Hawk,Accipitriformes,"Accipitridae (Hawks, Eagles, and Kites)",25187241,Buteo platypterus,buteoplatypterus,brwhaw,0.1913,0.026
189,100,American Tree Sparrow,Passeriformes,Passerellidae (New World Sparrows),25128656,Spizelloides arborea,spizelloidesarborea,amtspa,1.3387000000000002,0.06
190,43,Purple Sandpiper,Charadriiformes,Scolopacidae (Sandpipers and Allies),24702424,Calidris maritima,calidrismaritima,pursan,0.0019000000000000002,0.001
191,44,California Gull,Charadriiformes,"Laridae (Gulls, Terns, and Skimmers)",24562637,Larus californicus,laruscalifornicus,calgul,0.49940000000000007,0.1035
192,23,Bufflehead,Anseriformes,"Anatidae (Ducks, Geese, and Waterfowl)",24445274,Bucephala albeola,bucephalaalbeola,buffle,0.32880000000000004,0.0123
193,45,Killdeer,Charadriiformes,Charadriidae (Plovers and Lapwings),24346920,Charadrius vociferus,charadriusvociferus,killde,2.1671,0.4652
194,46,Short-billed Dowitcher,Charadriiformes,Scolopacidae (Sandpipers and Allies),24007021,Limnodromus griseus,limnodromusgriseus,shbdow,0.051699999999999996,0.0029
195,101,Tree Swallow,Passeriformes,Hirundinidae (Swallows),24001900,Tachycineta bicolor,tachycinetabicolor,treswa,4.0208,0.557
196,47,Bar-tailed Godwit,Charadriiformes,Scolopacidae (Sandpipers and Allies),23949789,Limosa lapponica,limosalapponica,batgod,0.0106,0.0021
197,24,Greater Scaup,Anseriformes,"Anatidae (Ducks, Geese, and Waterfowl)",23833080,Aythya marila,aythyamarila,gresca,0.2821,0.0245
198,102,Northern Waterthrush,Passeriformes,Parulidae (New World Warblers),23764476,Parkesia noveboracensis,parkesianoveboracensis,norwat,0.1365,0.0368
199,2,Willow Ptarmigan,Galliformes,"Phasianidae (Pheasants, Grouse, and Allies)",23709644,Lagopus lagopus,lagopuslagopus,wilpta,0.0262,0.0262
200,48,Least Tern,Charadriiformes,"Laridae (Gulls, Terns, and Skimmers)",23645395,Sternula antillarum,sternulaantillarum,leater1,0.059,0.0385
201,1,Red-throated Loon,Gaviiformes,Gaviidae (Loons),23610546,Gavia stellata,gaviastellata,retloo,0.0348,0.0068
202,25,Harlequin Duck,Anseriformes,"Anatidae (Ducks, Geese, and Waterfowl)",23523101,Histrionicus histrionicus,histrionicushistrionicus,harduc,0.08990000000000001,0.0203
203,103,Brewer's Sparrow,Passeriformes,Passerellidae (New World Sparrows),23406889,Spizella breweri,spizellabreweri,brespa,0.4797,0.1305
204,104,Fox Sparrow,Passeriformes,Passerellidae (New World Sparrows),23325720,Passerella iliaca,passerellailiaca,foxspa,0.43389999999999995,0.1148
205,49,Long-billed Dowitcher,Charadriiformes,Scolopacidae (Sandpipers and Allies),23278849,Limnodromus scolopaceus,limnodromusscolopaceus,lobdow,0.4988,0.0085
206,2,Red-necked Grebe,Podicipediformes,Podicipedidae (Grebes),23110387,Podiceps grisegena,podicepsgrisegena,rengre,0.0189,0.0024
207,7,White-winged Dove,Columbiformes,Columbidae (Pigeons and Doves),22957592,Zenaida asiatica,zenaidaasiatica,whwdov,0.557,0.2738
208,105,Lark Sparrow,Passeriformes,Passerellidae (New World Sparrows),22828388,Chondestes grammacus,chondestesgrammacus,larspa,0.7661,0.3024
209,106,Fork-tailed Flycatcher,Passeriformes,Tyrannidae (Tyrant Flycatchers),22726220,Tyrannus savana,tyrannussavana,fotfly,0,0
210,50,American Golden-Plover,Charadriiformes,Charadriidae (Plovers and Lapwings),22515869,Pluvialis dominica,pluvialisdominica,amgplo,0.15200000000000002,0.0258
211,107,Pacific Wren,Passeriformes,Troglodytidae (Wrens),22044961,Troglodytes pacificus,troglodytespacificus,pacwre1,0.1183,0.0319
212,108,Lark Bunting,Passeriformes,Passerellidae (New World Sparrows),21653109,Calamospiza melanocorys,calamospizamelanocorys,larbun,0.6475,0.1396
213,26,Tundra Swan,Anseriformes,"Anatidae (Ducks, Geese, and Waterfowl)",21449052,Cygnus columbianus,cygnuscolumbianus,tunswa,0.7846,0.0295
214,51,Black-tailed Gull,Charadriiformes,"Laridae (Gulls, Terns, and Skimmers)",21342228,Larus crassirostris,laruscrassirostris,bktgul,0,0
215,1,Smooth-billed Ani,Cuculiformes,Cuculidae (Cuckoos),21133340,Crotophaga ani,crotophagaani,smbani,0,0
216,52,Spotted Sandpiper,Charadriiformes,Scolopacidae (Sandpipers and Allies),21020647,Actitis macularius,actitismacularius,sposan,0.1572,0.0486
217,109,Cape May Warbler,Passeriformes,Parulidae (New World Warblers),20978178,Setophaga tigrina,setophagatigrina,camwar,0.0339,0.0019
218,3,Northern Flicker,Piciformes,Picidae (Woodpeckers),20923123,Colaptes auratus,colaptesauratus,norfli,1.8814,0.362
219,110,Western Bluebird,Passeriformes,Turdidae (Thrushes and Allies),20804834,Sialia mexicana,sialiamexicana,wesblu,0.4126,0.0469
220,2,Anna's Hummingbird,Caprimulgiformes,Trochilidae (Hummingbirds),20616809,Calypte anna,calypteanna,annhum,0.09770000000000001,0.0262
221,53,Willet,Charadriiformes,Scolopacidae (Sandpipers and Allies),20158013,Tringa semipalmata,tringasemipalmata,willet1,0.1055,0.0373
222,8,American White Pelican,Pelecaniformes,Pelecanidae (Pelicans),19858493,Pelecanus erythrorhynchos,pelecanuserythrorhynchos,amwpel,0.554,0.1592
223,54,Elegant Tern,Charadriiformes,"Laridae (Gulls, Terns, and Skimmers)",19857996,Thalasseus elegans,thalasseuselegans,eleter1,0.009899999999999999,0.0036
224,111,Tufted Titmouse,Passeriformes,"Paridae (Tits, Chickadees, and Titmice)",19693129,Baeolophus bicolor,baeolophusbicolor,tuftit,0.6069,0.6069
225,112,White-breasted Nuthatch,Passeriformes,Sittidae (Nuthatches),19483729,Sitta carolinensis,sittacarolinensis,whbnut,0.4134,0.4134
226,113,Pacific-slope Flycatcher,Passeriformes,Tyrannidae (Tyrant Flycatchers),19360637,Empidonax difficilis,empidonaxdifficilis,pasfly,0.08130000000000001,0.0396
227,114,Bobolink,Passeriformes,Icteridae (Troupials and Allies),19276086,Dolichonyx oryzivorus,dolichonyxoryzivorus,boboli,0.3254,0.1326
228,115,Bay-breasted Warbler,Passeriformes,Parulidae (New World Warblers),19149191,Setophaga castanea,setophagacastanea,babwar,0.035500000000000004,0.001
229,27,American Black Duck,Anseriformes,"Anatidae (Ducks, Geese, and Waterfowl)",18953154,Anas rubripes,anasrubripes,ambduc,0.052,0.0019
230,116,Least Flycatcher,Passeriformes,Tyrannidae (Tyrant Flycatchers),18815411,Empidonax minimus,empidonaxminimus,leafly,0.2162,0.0784
231,117,Dickcissel,Passeriformes,Cardinalidae (Cardinals and Allies),18807815,Spiza americana,spizaamericana,dickci,0.7376999999999999,0.4366
232,118,Chestnut-backed Chickadee,Passeriformes,"Paridae (Tits, Chickadees, and Titmice)",18747101,Poecile rufescens,poecilerufescens,chbchi,0.0776,0.0776
233,55,Stilt Sandpiper,Charadriiformes,Scolopacidae (Sandpipers and Allies),18671433,Calidris himantopus,calidrishimantopus,stisan,0.0935,0.0019
234,28,Fulvous Whistling-Duck,Anseriformes,"Anatidae (Ducks, Geese, and Waterfowl)",18662480,Dendrocygna bicolor,dendrocygnabicolor,fuwduc,0.0171,0.0076
235,56,Forster's Tern,Charadriiformes,"Laridae (Gulls, Terns, and Skimmers)",18651351,Sterna forsteri,sternaforsteri,forter,0.1003,0.0174
236,1,American Kestrel,Falconiformes,Falconidae (Falcons and Caracaras),18475897,Falco sparverius,falcosparverius,amekes,0.6492,0.1319
237,119,California Towhee,Passeriformes,Passerellidae (New World Sparrows),18366883,Melozone crissalis,melozonecrissalis,caltow,0.0229,0.0229
238,120,Black-billed Magpie,Passeriformes,"Corvidae (Crows, Jays, and Magpies)",18362730,Pica hudsonia,picahudsonia,bkbmag1,0.264,0.264
239,29,White-cheeked Pintail,Anseriformes,"Anatidae (Ducks, Geese, and Waterfowl)",18339500,Anas bahamensis,anasbahamensis,whcpin,0,0
240,121,Wood Thrush,Passeriformes,Turdidae (Thrushes and Allies),18063546,Hylocichla mustelina,hylocichlamustelina,woothr,0.2077,0.1016
241,9,White Ibis,Pelecaniformes,Threskiornithidae (Ibises and Spoonbills),18024425,Eudocimus albus,eudocimusalbus,whiibi,0.8965,0.1941
242,122,Western Tanager,Passeriformes,Cardinalidae (Cardinals and Allies),17394286,Piranga ludoviciana,pirangaludoviciana,westan,0.3436,0.1316
243,3,Sandhill Crane,Gruiformes,Gruidae (Cranes),17295706,Antigone canadensis,antigonecanadensis,sancra,7.337899999999999,0.094
244,123,Bohemian Waxwing,Passeriformes,Bombycillidae (Waxwings),17293522,Bombycilla garrulus,bombycillagarrulus,bohwax,0.0998,0.0214
245,3,Chimney Swift,Caprimulgiformes,Apodidae (Swifts),17068138,Chaetura pelagica,chaeturapelagica,chiswi,0.4506,0.1691
246,3,Pied-billed Grebe,Podicipediformes,Podicipedidae (Grebes),17024025,Podilymbus podiceps,podilymbuspodiceps,pibgre,0.1701,0.0282
247,124,Rusty Blackbird,Passeriformes,Icteridae (Troupials and Allies),16988871,Euphagus carolinus,euphaguscarolinus,rusbla,0.3536,0.0114
248,30,King Eider,Anseriformes,"Anatidae (Ducks, Geese, and Waterfowl)",16955652,Somateria spectabilis,somateriaspectabilis,kineid,0.0336,0.0268
249,57,American Avocet,Charadriiformes,Recurvirostridae (Stilts and Avocets),16929127,Recurvirostra americana,recurvirostraamericana,ameavo,0.5922,0.1367
250,58,Wilson's Snipe,Charadriiformes,Scolopacidae (Sandpipers and Allies),16917243,Gallinago delicata,gallinagodelicata,wilsni1,0.3568,0.1108
251,4,Hairy Woodpecker,Piciformes,Picidae (Woodpeckers),16835765,Dryobates villosus,dryobatesvillosus,haiwoo,0.2664,0.2664
252,125,Hammond's Flycatcher,Passeriformes,Tyrannidae (Tyrant Flycatchers),16721360,Empidonax hammondii,empidonaxhammondii,hamfly,0.0615,0.0243
253,4,Gray-headed Swamphen,Gruiformes,"Rallidae (Rails, Gallinules, and Coots)",16623997,Porphyrio poliocephalus,porphyriopoliocephalus,purswa3,1e-4,1e-4
254,4,Rufous Hummingbird,Caprimulgiformes,Trochilidae (Hummingbirds),16372838,Selasphorus rufus,selasphorusrufus,rufhum,0.048100000000000004,0.0166
255,59,Roseate Tern,Charadriiformes,"Laridae (Gulls, Terns, and Skimmers)",16333336,Sterna dougallii,sternadougallii,roster,0.004,0.0034
256,60,American Oystercatcher,Charadriiformes,Haematopodidae (Oystercatchers),16247615,Haematopus palliatus,haematopuspalliatus,ameoys,0.009899999999999999,0.0027
257,31,Common Eider,Anseriformes,"Anatidae (Ducks, Geese, and Waterfowl)",16192884,Somateria mollissima,somateriamollissima,comeid,0.14780000000000001,0.0227
258,126,Loggerhead Shrike,Passeriformes,Laniidae (Shrikes),15767135,Lanius ludovicianus,laniusludovicianus,logshr,0.2755,0.0617
259,127,Baltimore Oriole,Passeriformes,Icteridae (Troupials and Allies),15707138,Icterus galbula,icterusgalbula,balori,0.3544,0.144
260,1,Short-eared Owl,Strigiformes,Strigidae (Owls),15555269,Asio flammeus,asioflammeus,sheowl,0.0538,0.0264
261,128,Palm Warbler,Passeriformes,Parulidae (New World Warblers),15414693,Setophaga palmarum,setophagapalmarum,palwar,0.2407,0.0024
262,5,Yellow-bellied Sapsucker,Piciformes,Picidae (Woodpeckers),15246450,Sphyrapicus varius,sphyrapicusvarius,yebsap,0.26689999999999997,0.0417
263,129,Eastern Yellow Wagtail,Passeriformes,Motacillidae (Wagtails and Pipits),15176416,Motacilla tschutschensis,motacillatschutschensis,eaywag,0.0142,0.0059
264,130,Canada Jay,Passeriformes,"Corvidae (Crows, Jays, and Magpies)",15030323,Perisoreus canadensis,perisoreuscanadensis,gryjay,0.1055,0.1055
265,10,Little Blue Heron,Pelecaniformes,"Ardeidae (Herons, Egrets, and Bitterns)",14995541,Egretta caerulea,egrettacaerulea,libher,0.2885,0.1442
266,131,Lesser Goldfinch,Passeriformes,"Fringillidae (Finches, Euphonias, and Allies)",14913455,Spinus psaltria,spinuspsaltria,lesgol,0.4183,0.1363
267,32,Brant,Anseriformes,"Anatidae (Ducks, Geese, and Waterfowl)",14746507,Branta bernicla,brantabernicla,brant,0.7262,0.0181
268,132,Grasshopper Sparrow,Passeriformes,Passerellidae (New World Sparrows),14314999,Ammodramus savannarum,ammodramussavannarum,graspa,0.3312,0.2107
269,2,Yellow-chevroned Parakeet,Psittaciformes,Psittacidae (New World and African Parrots),14187216,Brotogeris chiriri,brotogerischiriri,yecpar,1e-4,1e-4
270,133,Black-throated Blue Warbler,Passeriformes,Parulidae (New World Warblers),14170498,Setophaga caerulescens,setophagacaerulescens,btbwar,0.0686,0.0205
271,134,Brown-crested Flycatcher,Passeriformes,Tyrannidae (Tyrant Flycatchers),14030509,Myiarchus tyrannulus,myiarchustyrannulus,bncfly,0.027,0.0218
272,4,Horned Grebe,Podicipediformes,Podicipedidae (Grebes),13922298,Podiceps auritus,podicepsauritus,horgre,0.0453,0.005
273,33,Cinnamon Teal,Anseriformes,"Anatidae (Ducks, Geese, and Waterfowl)",13845819,Spatula cyanoptera,spatulacyanoptera,cintea,0.1048,0.0272
274,135,Purple Finch,Passeriformes,"Fringillidae (Finches, Euphonias, and Allies)",13761021,Haemorhous purpureus,haemorhouspurpureus,purfin,0.2476,0.0414
275,136,Yellow-breasted Chat,Passeriformes,Icteriidae (Yellow-breasted Chat),13725545,Icteria virens,icteriavirens,yebcha,0.2803,0.1708
276,137,Black-throated Gray Warbler,Passeriformes,Parulidae (New World Warblers),13638892,Setophaga nigrescens,setophaganigrescens,btywar,0.0715,0.0214
277,1,Wood Stork,Ciconiiformes,Ciconiidae (Storks),13602379,Mycteria americana,mycteriaamericana,woosto,0.1225,0.0633
278,61,Western Gull,Charadriiformes,"Laridae (Gulls, Terns, and Skimmers)",13577953,Larus occidentalis,larusoccidentalis,wesgul,0.0311,0.0311
279,138,LeConte's Sparrow,Passeriformes,Passerellidae (New World Sparrows),13492916,Ammospiza leconteii,ammospizaleconteii,lecspa,0.0271,0.0037
280,34,White-winged Scoter,Anseriformes,"Anatidae (Ducks, Geese, and Waterfowl)",13265427,Melanitta deglandi,melanittadeglandi,whwsco2,0.10930000000000001,0.016
281,2,Great Horned Owl,Strigiformes,Strigidae (Owls),13153941,Bubo virginianus,bubovirginianus,grhowl,0.2786,0.2786
282,139,Gray-crowned Rosy-Finch,Passeriformes,"Fringillidae (Finches, Euphonias, and Allies)",13060801,Leucosticte tephrocotis,leucostictetephrocotis,gcrfin,0.2177,0.011
283,11,Great Blue Heron,Pelecaniformes,"Ardeidae (Herons, Egrets, and Bitterns)",13029336,Ardea herodias,ardeaherodias,grbher3,0.66,0.2126
284,2,Yellow-billed Cuckoo,Cuculiformes,Cuculidae (Cuckoos),13010576,Coccyzus americanus,coccyzusamericanus,yebcuc,0.3597,0.1987
285,5,Allen's Hummingbird,Caprimulgiformes,Trochilidae (Hummingbirds),12995161,Selasphorus sasin,selasphorussasin,allhum,0.0073,0.0025
286,140,Ash-throated Flycatcher,Passeriformes,Tyrannidae (Tyrant Flycatchers),12965225,Myiarchus cinerascens,myiarchuscinerascens,astfly,0.25460000000000005,0.1502
287,141,Bell's Vireo,Passeriformes,"Vireonidae (Vireos, Shrike-Babblers, and Erpornis)",12899336,Vireo bellii,vireobellii,belvir,0.13419999999999999,0.0704
288,142,Mourning Warbler,Passeriformes,Parulidae (New World Warblers),12895807,Geothlypis philadelphia,geothlypisphiladelphia,mouwar,0.0279,0.0142
289,35,Wood Duck,Anseriformes,"Anatidae (Ducks, Geese, and Waterfowl)",12889322,Aix sponsa,aixsponsa,wooduc,0.8584,0.2505
290,2,Great Cormorant,Suliformes,Phalacrocoracidae (Cormorants and Shags),12865671,Phalacrocorax carbo,phalacrocoraxcarbo,grecor,0.0019,0
291,143,Hooded Warbler,Passeriformes,Parulidae (New World Warblers),12810138,Setophaga citrina,setophagacitrina,hoowar,0.1567,0.0657
292,144,Canyon Towhee,Passeriformes,Passerellidae (New World Sparrows),12723270,Melozone fusca,melozonefusca,cantow,0.0227,0.0227
293,8,White-tipped Dove,Columbiformes,Columbidae (Pigeons and Doves),12545160,Leptotila verreauxi,leptotilaverreauxi,whtdov,8e-4,8e-4
294,145,Yellow-headed Blackbird,Passeriformes,Icteridae (Troupials and Allies),12529921,Xanthocephalus xanthocephalus,xanthocephalusxanthocephalus,yehbla,0.8073,0.2636
295,12,Tricolored Heron,Pelecaniformes,"Ardeidae (Herons, Egrets, and Bitterns)",12365120,Egretta tricolor,egrettatricolor,triher,0.059399999999999994,0.0173
296,3,Monk Parakeet,Psittaciformes,Psittacidae (New World and African Parrots),12328613,Myiopsitta monachus,myiopsittamonachus,monpar,5e-4,5e-4
297,146,Blue-headed Vireo,Passeriformes,"Vireonidae (Vireos, Shrike-Babblers, and Erpornis)",11956970,Vireo solitarius,vireosolitarius,buhvir,0.1587,0.0369
298,147,Chestnut-sided Warbler,Passeriformes,Parulidae (New World Warblers),11930052,Setophaga pensylvanica,setophagapensylvanica,chswar,0.15009999999999998,0.0524
299,62,Marbled Godwit,Charadriiformes,Scolopacidae (Sandpipers and Allies),11826071,Limosa fedoa,limosafedoa,margod,0.09670000000000001,0.0226
300,3,Burrowing Owl,Strigiformes,Strigidae (Owls),11573159,Athene cunicularia,athenecunicularia,burowl,0.044700000000000004,0.025
301,148,Painted Bunting,Passeriformes,Cardinalidae (Cardinals and Allies),11402956,Passerina ciris,passerinaciris,paibun,0.23660000000000003,0.132
302,149,Brown Creeper,Passeriformes,Certhiidae (Treecreepers),11257984,Certhia americana,certhiaamericana,brncre,0.2954,0.0516
303,36,Redhead,Anseriformes,"Anatidae (Ducks, Geese, and Waterfowl)",11248762,Aythya americana,aythyaamericana,redhea,0.4415,0.0522
304,2,Pacific Loon,Gaviiformes,Gaviidae (Loons),11177564,Gavia pacifica,gaviapacifica,pacloo,0.07469999999999999,0.0168
305,150,Black-throated Green Warbler,Passeriformes,Parulidae (New World Warblers),11172466,Setophaga virens,setophagavirens,btnwar,0.1649,0.0528
306,151,Vermilion Flycatcher,Passeriformes,Tyrannidae (Tyrant Flycatchers),11030138,Pyrocephalus rubinus,pyrocephalusrubinus,verfly,0.0461,0.0158
307,13,Yellow-crowned Night-Heron,Pelecaniformes,"Ardeidae (Herons, Egrets, and Bitterns)",10835872,Nyctanassa violacea,nyctanassaviolacea,ycnher,0.015,0.0065
308,152,Eastern Wood-Pewee,Passeriformes,Tyrannidae (Tyrant Flycatchers),10790876,Contopus virens,contopusvirens,eawpew,0.4603,0.2397
309,153,Tropical Parula,Passeriformes,Parulidae (New World Warblers),10766958,Setophaga pitiayumi,setophagapitiayumi,tropar,0,0
310,5,Western Grebe,Podicipediformes,Podicipedidae (Grebes),10756924,Aechmophorus occidentalis,aechmophorusoccidentalis,wesgre,0.0891,0.0187
311,14,Green Heron,Pelecaniformes,"Ardeidae (Herons, Egrets, and Bitterns)",10703433,Butorides virescens,butoridesvirescens,grnher,0.1224,0.0696
312,63,Sandwich Tern,Charadriiformes,"Laridae (Gulls, Terns, and Skimmers)",10598655,Thalasseus sandvicensis,thalasseussandvicensis,santer1,0.1887,0.1553
313,154,Say's Phoebe,Passeriformes,Tyrannidae (Tyrant Flycatchers),10437251,Sayornis saya,sayornissaya,saypho,0.2112,0.0667
314,155,Great Crested Flycatcher,Passeriformes,Tyrannidae (Tyrant Flycatchers),10434403,Myiarchus crinitus,myiarchuscrinitus,grcfly,0.4155,0.1936
315,6,Chuck-will's-widow,Caprimulgiformes,Caprimulgidae (Nightjars and Allies),10273267,Antrostomus carolinensis,antrostomuscarolinensis,chwwid,0.07469999999999999,0.0452
316,3,California Quail,Galliformes,Odontophoridae (New World Quail),10265045,Callipepla californica,callipeplacalifornica,calqua,0.1538,0.1538
317,156,Chestnut-collared Longspur,Passeriformes,Calcariidae (Longspurs and Snow Buntings),10245424,Calcarius ornatus,calcariusornatus,chclon,0.18639999999999998,0.0447
318,15,Roseate Spoonbill,Pelecaniformes,Threskiornithidae (Ibises and Spoonbills),10206632,Platalea ajaja,plataleaajaja,rosspo1,0.044199999999999996,0.0106
319,4,Chukar,Galliformes,"Phasianidae (Pheasants, Grouse, and Allies)",10163105,Alectoris chukar,alectorischukar,chukar,0.0218,0.0218
320,157,Field Sparrow,Passeriformes,Passerellidae (New World Sparrows),10150321,Spizella pusilla,spizellapusilla,fiespa,0.7911,0.1931
321,158,Black-whiskered Vireo,Passeriformes,"Vireonidae (Vireos, Shrike-Babblers, and Erpornis)",10119515,Vireo altiloquus,vireoaltiloquus,bkwvir,0,0
322,159,Mountain Bluebird,Passeriformes,Turdidae (Thrushes and Allies),9923770,Sialia currucoides,sialiacurrucoides,moublu,0.5398000000000001,0.091
323,160,Smith's Longspur,Passeriformes,Calcariidae (Longspurs and Snow Buntings),9718787,Calcarius pictus,calcariuspictus,smilon,0.0208,0.0042
324,3,Common Loon,Gaviiformes,Gaviidae (Loons),9682105,Gavia immer,gaviaimmer,comloo,0.08689999999999999,0.0201
325,7,Black-chinned Hummingbird,Caprimulgiformes,Trochilidae (Hummingbirds),9677074,Archilochus alexandri,archilochusalexandri,bkchum,0.0937,0.0497
326,2,Snail Kite,Accipitriformes,"Accipitridae (Hawks, Eagles, and Kites)",9587542,Rostrhamus sociabilis,rostrhamussociabilis,snakit,5e-4,5e-4
327,37,Northern Shoveler,Anseriformes,"Anatidae (Ducks, Geese, and Waterfowl)",9531900,Spatula clypeata,spatulaclypeata,norsho,2.2774,0.1029
328,64,Solitary Sandpiper,Charadriiformes,Scolopacidae (Sandpipers and Allies),9530039,Tringa solitaria,tringasolitaria,solsan,0.0442,0.0057
329,65,Little Gull,Charadriiformes,"Laridae (Gulls, Terns, and Skimmers)",9487046,Hydrocoloeus minutus,hydrocoloeusminutus,litgul,0,0
330,8,Broad-tailed Hummingbird,Caprimulgiformes,Trochilidae (Hummingbirds),9430251,Selasphorus platycercus,selasphorusplatycercus,brthum,0.0929,0.0515
331,161,MacGillivray's Warbler,Passeriformes,Parulidae (New World Warblers),9399663,Geothlypis tolmiei,geothlypistolmiei,macwar,0.1593,0.0608
332,38,Hooded Merganser,Anseriformes,"Anatidae (Ducks, Geese, and Waterfowl)",9366774,Lophodytes cucullatus,lophodytescucullatus,hoomer,0.1277,0.0117
333,66,Wandering Tattler,Charadriiformes,Scolopacidae (Sandpipers and Allies),9319152,Tringa incana,tringaincana,wantat1,0.006799999999999999,0.0024
334,162,Black-headed Grosbeak,Passeriformes,Cardinalidae (Cardinals and Allies),9239592,Pheucticus melanocephalus,pheucticusmelanocephalus,bkhgro,0.2177,0.0978
335,6,Golden-fronted Woodpecker,Piciformes,Picidae (Woodpeckers),9142977,Melanerpes aurifrons,melanerpesaurifrons,gofwoo,0.0265,0.0265
336,3,Bald Eagle,Accipitriformes,"Accipitridae (Hawks, Eagles, and Kites)",9140160,Haliaeetus leucocephalus,haliaeetusleucocephalus,baleag,0.4637,0.0616
337,4,Arctic Loon,Gaviiformes,Gaviidae (Loons),9131447,Gavia arctica,gaviaarctica,arcloo,2e-4,0
338,163,Yellow-throated Warbler,Passeriformes,Parulidae (New World Warblers),9080062,Setophaga dominica,setophagadominica,yetwar,0.10020000000000001,0.046
339,67,Snowy Plover,Charadriiformes,Charadriidae (Plovers and Lapwings),8980225,Charadrius nivosus,charadriusnivosus,snoplo5,0.0069,0.0025
340,2,Peregrine Falcon,Falconiformes,Falconidae (Falcons and Caracaras),8922996,Falco peregrinus,falcoperegrinus,perfal,0.0182,0.0057
341,164,Northern Wheatear,Passeriformes,Muscicapidae (Old World Flycatchers),8903286,Oenanthe oenanthe,oenantheoenanthe,norwhe,0.0426,0.0111
342,165,Philadelphia Vireo,Passeriformes,"Vireonidae (Vireos, Shrike-Babblers, and Erpornis)",8821159,Vireo philadelphicus,vireophiladelphicus,phivir,0.0168,4e-4
343,9,Common Nighthawk,Caprimulgiformes,Caprimulgidae (Nightjars and Allies),8819444,Chordeiles minor,chordeilesminor,comnig,0.8119000000000001,0.3597
344,166,Brown Thrasher,Passeriformes,Mimidae (Mockingbirds and Thrashers),8680861,Toxostoma rufum,toxostomarufum,brnthr,0.5148,0.1579
345,39,Canvasback,Anseriformes,"Anatidae (Ducks, Geese, and Waterfowl)",8652710,Aythya valisineria,aythyavalisineria,canvas,0.2619,0.0175
346,68,Wilson's Plover,Charadriiformes,Charadriidae (Plovers and Lapwings),8360045,Charadrius wilsonia,charadriuswilsonia,wilplo,0.0043,0.0023
347,4,Nanday Parakeet,Psittaciformes,Psittacidae (New World and African Parrots),8242028,Aratinga nenday,aratinganenday,bkhpar,3e-4,3e-4
348,4,Red-tailed Hawk,Accipitriformes,"Accipitridae (Hawks, Eagles, and Kites)",8074880,Buteo jamaicensis,buteojamaicensis,rethaw,1.5722999999999998,0.3262
349,167,Bronzed Cowbird,Passeriformes,Icteridae (Troupials and Allies),8054538,Molothrus aeneus,molothrusaeneus,brocow,0.0336,0.0336
350,168,Yellow-throated Vireo,Passeriformes,"Vireonidae (Vireos, Shrike-Babblers, and Erpornis)",8014188,Vireo flavifrons,vireoflavifrons,yetvir,0.15489999999999998,0.0629
351,40,Barrow's Goldeneye,Anseriformes,"Anatidae (Ducks, Geese, and Waterfowl)",7982692,Bucephala islandica,bucephalaislandica,bargol,0.0525,0.0069
352,3,Southern Caracara,Falconiformes,Falconidae (Falcons and Caracaras),7964178,Caracara plancus,caracaraplancus,y00678,0.0271,0.0271
353,169,Veery,Passeriformes,Turdidae (Thrushes and Allies),7843152,Catharus fuscescens,catharusfuscescens,veery,0.11860000000000001,0.0621
354,170,Dusky-capped Flycatcher,Passeriformes,Tyrannidae (Tyrant Flycatchers),7621431,Myiarchus tuberculifer,myiarchustuberculifer,ducfly,0.0026999999999999997,0.0017
355,69,Heermann's Gull,Charadriiformes,"Laridae (Gulls, Terns, and Skimmers)",7532047,Larus heermanni,larusheermanni,heegul,0.0222,2e-4
356,171,Kentucky Warbler,Passeriformes,Parulidae (New World Warblers),7293681,Geothlypis formosa,geothlypisformosa,kenwar,0.0697,0.0315
357,41,Mute Swan,Anseriformes,"Anatidae (Ducks, Geese, and Waterfowl)",7234055,Cygnus olor,cygnusolor,mutswa,0.0149,0.0029
358,5,Purple Gallinule,Gruiformes,"Rallidae (Rails, Gallinules, and Coots)",7016619,Porphyrio martinica,porphyriomartinica,purgal2,0.0046,0.0025
359,42,Trumpeter Swan,Anseriformes,"Anatidae (Ducks, Geese, and Waterfowl)",6978643,Cygnus buccinator,cygnusbuccinator,truswa,0.1462,0.0104
360,172,Violet-green Swallow,Passeriformes,Hirundinidae (Swallows),6975682,Tachycineta thalassina,tachycinetathalassina,vigswa,0.6204999999999999,0.2563
361,173,Black Phoebe,Passeriformes,Tyrannidae (Tyrant Flycatchers),6924247,Sayornis nigricans,sayornisnigricans,blkpho,0.11220000000000001,0.0286
362,174,Bewick's Wren,Passeriformes,Troglodytidae (Wrens),6782773,Thryomanes bewickii,thryomanesbewickii,bewwre,0.4193,0.1217
363,70,Rock Sandpiper,Charadriiformes,Scolopacidae (Sandpipers and Allies),6777985,Calidris ptilocnemis,calidrisptilocnemis,rocsan,0.0619,0.0256
364,10,Common Pauraque,Caprimulgiformes,Caprimulgidae (Nightjars and Allies),6755440,Nyctidromus albicollis,nyctidromusalbicollis,compau,0.0053,0.0053
365,175,Bushtit,Passeriformes,Aegithalidae (Long-tailed Tits),6581135,Psaltriparus minimus,psaltriparusminimus,bushti,0.2071,0.2071
366,71,Long-billed Curlew,Charadriiformes,Scolopacidae (Sandpipers and Allies),6542898,Numenius americanus,numeniusamericanus,lobcur,0.0935,0.0224
367,43,Muscovy Duck,Anseriformes,"Anatidae (Ducks, Geese, and Waterfowl)",6489593,Cairina moschata,cairinamoschata,musduc,9e-4,9e-4
368,5,Rock Ptarmigan,Galliformes,"Phasianidae (Pheasants, Grouse, and Allies)",6439782,Lagopus muta,lagopusmuta,rocpta1,0.0302,0.0302
369,6,Limpkin,Gruiformes,Aramidae (Limpkin),6346144,Aramus guarauna,aramusguarauna,limpki,0.0031,0.0031
370,176,Clay-colored Thrush,Passeriformes,Turdidae (Thrushes and Allies),6243734,Turdus grayi,turdusgrayi,clcrob,0,0
371,177,Lazuli Bunting,Passeriformes,Cardinalidae (Cardinals and Allies),6239614,Passerina amoena,passerinaamoena,lazbun,0.2318,0.1017
372,9,Band-tailed Pigeon,Columbiformes,Columbidae (Pigeons and Doves),6237151,Patagioenas fasciata,patagioenasfasciata,batpig1,0.1464,0.0281
373,178,Scarlet Tanager,Passeriformes,Cardinalidae (Cardinals and Allies),6226423,Piranga olivacea,pirangaolivacea,scatan,0.1247,0.0647
374,72,Pigeon Guillemot,Charadriiformes,"Alcidae (Auks, Murres, and Puffins)",6216984,Cepphus columba,cepphuscolumba,piggui,0.0465,0.023
375,73,Surfbird,Charadriiformes,Scolopacidae (Sandpipers and Allies),6181048,Calidris virgata,calidrisvirgata,surfbi,0.012400000000000001,0.0023
376,6,Gray Partridge,Galliformes,"Phasianidae (Pheasants, Grouse, and Allies)",6160293,Perdix perdix,perdixperdix,grypar,0.0217,0.0217
377,179,Hermit Warbler,Passeriformes,Parulidae (New World Warblers),6158384,Setophaga occidentalis,setophagaoccidentalis,herwar,0.028499999999999998,0.0132
378,180,Scott's Oriole,Passeriformes,Icteridae (Troupials and Allies),6148447,Icterus parisorum,icterusparisorum,scoori,0.0179,0.0108
379,6,Least Grebe,Podicipediformes,Podicipedidae (Grebes),6092705,Tachybaptus dominicus,tachybaptusdominicus,leagre,8e-4,8e-4
380,181,Harris's Sparrow,Passeriformes,Passerellidae (New World Sparrows),6064246,Zonotrichia querula,zonotrichiaquerula,harspa,0.2753,0.1083
381,5,Red-shouldered Hawk,Accipitriformes,"Accipitridae (Hawks, Eagles, and Kites)",5882135,Buteo lineatus,buteolineatus,reshaw,0.42039999999999994,0.0847
382,182,Nelson's Sparrow,Passeriformes,Passerellidae (New World Sparrows),5880042,Ammospiza nelsoni,ammospizanelsoni,nstspa,0.0048,0.0026
383,3,Anhinga,Suliformes,Anhingidae (Anhingas),5806595,Anhinga anhinga,anhingaanhinga,anhing,0.0993,0.0267
384,7,Yellow Rail,Gruiformes,"Rallidae (Rails, Gallinules, and Coots)",5582458,Coturnicops noveboracensis,coturnicopsnoveboracensis,yelrai,5e-4,5e-4
385,74,Buff-breasted Sandpiper,Charadriiformes,Scolopacidae (Sandpipers and Allies),5562796,Calidris subruficollis,calidrissubruficollis,bubsan,0.0146,6e-4
386,183,Mountain Chickadee,Passeriformes,"Paridae (Tits, Chickadees, and Titmice)",5544478,Poecile gambeli,poecilegambeli,mouchi,0.2251,0.2251
387,184,Willow Flycatcher,Passeriformes,Tyrannidae (Tyrant Flycatchers),5535271,Empidonax traillii,empidonaxtraillii,wilfly,0.1915,0.0822
388,7,Gila Woodpecker,Piciformes,Picidae (Woodpeckers),5532502,Melanerpes uropygialis,melanerpesuropygialis,gilwoo,0.0157,0.0157
389,11,Lesser Nighthawk,Caprimulgiformes,Caprimulgidae (Nightjars and Allies),5490142,Chordeiles acutipennis,chordeilesacutipennis,lesnig,0.1026,0.0594
390,4,Snowy Owl,Strigiformes,Strigidae (Owls),5488581,Bubo scandiacus,buboscandiacus,snoowl1,0.005,7e-4
391,185,Western Wood-Pewee,Passeriformes,Tyrannidae (Tyrant Flycatchers),5478070,Contopus sordidulus,contopussordidulus,wewpew,0.2971,0.1614
392,1,Ringed Kingfisher,Coraciiformes,Alcedinidae (Kingfishers),5369424,Megaceryle torquata,megaceryletorquata,rinkin1,0,0
393,10,Inca Dove,Columbiformes,Columbidae (Pigeons and Doves),5362430,Columbina inca,columbinainca,incdov,0.0024,0.0024
394,186,Bullock's Oriole,Passeriformes,Icteridae (Troupials and Allies),5303019,Icterus bullockii,icterusbullockii,bulori,0.2525,0.1276
395,5,Turquoise-fronted Parrot,Psittaciformes,Psittacidae (New World and African Parrots),5249803,Amazona aestiva,amazonaaestiva,bufpar,0,0
396,187,Green-tailed Towhee,Passeriformes,Passerellidae (New World Sparrows),5241348,Pipilo chlorurus,pipilochlorurus,gnttow,0.1424,0.049
397,44,Gadwall,Anseriformes,"Anatidae (Ducks, Geese, and Waterfowl)",5236891,Mareca strepera,marecastrepera,gadwal,1.4494,0.1481
398,2,Green Kingfisher,Coraciiformes,Alcedinidae (Kingfishers),5174481,Chloroceryle americana,chloroceryleamericana,grnkin,1e-4,1e-4
399,6,Swallow-tailed Kite,Accipitriformes,"Accipitridae (Hawks, Eagles, and Kites)",5152176,Elanoides forficatus,elanoidesforficatus,swtkit,0.019499999999999997,0.011
400,75,Black Turnstone,Charadriiformes,Scolopacidae (Sandpipers and Allies),5139876,Arenaria melanocephala,arenariamelanocephala,blktur,0.031100000000000003,0.0048
401,188,Olive Sparrow,Passeriformes,Passerellidae (New World Sparrows),5105250,Arremonops rufivirgatus,arremonopsrufivirgatus,olispa,0.0098,0.0098
402,189,Yellow-green Vireo,Passeriformes,"Vireonidae (Vireos, Shrike-Babblers, and Erpornis)",5082372,Vireo flavoviridis,vireoflavoviridis,yegvir,0,0
403,11,White-crowned Pigeon,Columbiformes,Columbidae (Pigeons and Doves),5049053,Patagioenas leucocephala,patagioenasleucocephala,whcpig2,5e-4,5e-4
404,190,Japanese Bush Warbler,Passeriformes,Scotocercidae (Bush Warblers and Allies),4947973,Horornis diphone,horornisdiphone,jabwar,0.0017000000000000001,7e-4
405,3,Groove-billed Ani,Cuculiformes,Cuculidae (Cuckoos),4881713,Crotophaga sulcirostris,crotophagasulcirostris,grbani,0.0027,0.0016
406,7,Wild Turkey,Galliformes,"Phasianidae (Pheasants, Grouse, and Allies)",4856974,Meleagris gallopavo,meleagrisgallopavo,wiltur,0.76,0.76
407,12,Calliope Hummingbird,Caprimulgiformes,Trochilidae (Hummingbirds),4706963,Selasphorus calliope,selasphoruscalliope,calhum,0.0098,0.0049
408,191,Worm-eating Warbler,Passeriformes,Parulidae (New World Warblers),4680213,Helmitheros vermivorum,helmitherosvermivorum,woewar1,0.035,0.0143
409,5,Ferruginous Pygmy-Owl,Strigiformes,Strigidae (Owls),4650623,Glaucidium brasilianum,glaucidiumbrasilianum,fepowl,1e-4,1e-4
410,4,Merlin,Falconiformes,Falconidae (Falcons and Caracaras),4593576,Falco columbarius,falcocolumbarius,merlin,0.0637,0.0073
411,6,Barred Owl,Strigiformes,Strigidae (Owls),4545770,Strix varia,strixvaria,brdowl,0.1187,0.1187
412,192,Rose-breasted Grosbeak,Passeriformes,Cardinalidae (Cardinals and Allies),4414476,Pheucticus ludovicianus,pheucticusludovicianus,robgro,0.2518,0.0783
413,7,Harris's Hawk,Accipitriformes,"Accipitridae (Hawks, Eagles, and Kites)",4366752,Parabuteo unicinctus,parabuteounicinctus,hrshaw,0.0065,0.0065
414,8,Sora,Gruiformes,"Rallidae (Rails, Gallinules, and Coots)",4327692,Porzana carolina,porzanacarolina,sora,0.06130000000000001,0.0241
415,193,Pyrrhuloxia,Passeriformes,Cardinalidae (Cardinals and Allies),4293067,Cardinalis sinuatus,cardinalissinuatus,pyrrhu,0.038,0.038
416,194,Evening Grosbeak,Passeriformes,"Fringillidae (Finches, Euphonias, and Allies)",4277167,Coccothraustes vespertinus,coccothraustesvespertinus,evegro,0.15510000000000002,0.0305
417,8,Scaled Quail,Galliformes,Odontophoridae (New World Quail),4151483,Callipepla squamata,callipeplasquamata,scaqua,0.067,0.067
418,195,Dusky Flycatcher,Passeriformes,Tyrannidae (Tyrant Flycatchers),4140067,Empidonax oberholseri,empidonaxoberholseri,dusfly,0.11460000000000001,0.0498
419,76,Upland Sandpiper,Charadriiformes,Scolopacidae (Sandpipers and Allies),4132828,Bartramia longicauda,bartramialongicauda,uplsan,0.1256,0.0533
420,7,Barn Owl,Strigiformes,Tytonidae (Barn-Owls),4114807,Tyto alba,tytoalba,brnowl,0.0232,0.0232
421,8,Swainson's Hawk,Accipitriformes,"Accipitridae (Hawks, Eagles, and Kites)",4099774,Buteo swainsoni,buteoswainsoni,swahaw,0.1961,0.0644
422,196,Marsh Wren,Passeriformes,Troglodytidae (Wrens),4047960,Cistothorus palustris,cistothoruspalustris,marwre,0.16699999999999998,0.068
423,197,Curve-billed Thrasher,Passeriformes,Mimidae (Mockingbirds and Thrashers),4031035,Toxostoma curvirostre,toxostomacurvirostre,cubthr,0.0273,0.0273
424,198,Plumbeous Vireo,Passeriformes,"Vireonidae (Vireos, Shrike-Babblers, and Erpornis)",4009486,Vireo plumbeus,vireoplumbeus,plsvir,0.0476,0.023
425,13,Costa's Hummingbird,Caprimulgiformes,Trochilidae (Hummingbirds),3995787,Calypte costae,calyptecostae,coshum,0.0204,0.0095
426,199,Rock Wren,Passeriformes,Troglodytidae (Wrens),3878990,Salpinctes obsoletus,salpinctesobsoletus,rocwre,0.1919,0.0713
427,5,Yellow-billed Loon,Gaviiformes,Gaviidae (Loons),3874597,Gavia adamsii,gaviaadamsii,yebloo,0.0038,0.0016
428,14,White-throated Swift,Caprimulgiformes,Apodidae (Swifts),3815132,Aeronautes saxatalis,aeronautessaxatalis,whtswi,0.1557,0.0541
429,200,Prothonotary Warbler,Passeriformes,Parulidae (New World Warblers),3813720,Protonotaria citrea,protonotariacitrea,prowar,0.0734,0.0427
430,9,Gambel's Quail,Galliformes,Odontophoridae (New World Quail),3749875,Callipepla gambelii,callipeplagambelii,gamqua,0.117,0.117
431,201,Morelet's Seedeater,Passeriformes,Thraupidae (Tanagers and Allies),3736084,Sporophila morelleti,sporophilamorelleti,whcsee1,0,0
432,3,Belted Kingfisher,Coraciiformes,Alcedinidae (Kingfishers),3699839,Megaceryle alcyon,megacerylealcyon,belkin1,0.2199,0.0433
433,202,McCown's Longspur,Passeriformes,Calcariidae (Longspurs and Snow Buntings),3684463,Rhynchophanes mccownii,rhynchophanesmccownii,mcclon,0.06709999999999999,0.0166
434,16,Reddish Egret,Pelecaniformes,"Ardeidae (Herons, Egrets, and Bitterns)",3679346,Egretta rufescens,egrettarufescens,redegr,0.0019,0.0019
435,203,Hepatic Tanager,Passeriformes,Cardinalidae (Cardinals and Allies),3661051,Piranga flava,pirangaflava,heptan,0.0051,0.0028
436,204,Grace's Warbler,Passeriformes,Parulidae (New World Warblers),3655458,Setophaga graciae,setophagagraciae,grawar,0.0089,0.0053
437,205,Sulphur-bellied Flycatcher,Passeriformes,Tyrannidae (Tyrant Flycatchers),3575716,Myiodynastes luteiventris,myiodynastesluteiventris,subfly,1e-4,1e-4
438,206,Wrentit,Passeriformes,"Paradoxornithidae (Parrotbills, Wrentit, and Allies)",3562711,Chamaea fasciata,chamaeafasciata,wrenti,0.0179,0.0179
439,207,Canada Warbler,Passeriformes,Parulidae (New World Warblers),3538974,Cardellina canadensis,cardellinacanadensis,canwar,0.0332,0.0115
440,9,Golden Eagle,Accipitriformes,"Accipitridae (Hawks, Eagles, and Kites)",3515253,Aquila chrysaetos,aquilachrysaetos,goleag,0.1821,0.0244
441,45,Mexican Duck,Anseriformes,"Anatidae (Ducks, Geese, and Waterfowl)",3510962,Anas diazi,anasdiazi,mexduc,6e-4,6e-4
442,10,Rough-legged Hawk,Accipitriformes,"Accipitridae (Hawks, Eagles, and Kites)",3443191,Buteo lagopus,buteolagopus,rolhaw,0.1237,0.0036
443,208,American Pipit,Passeriformes,Motacillidae (Wagtails and Pipits),3363022,Anthus rubescens,anthusrubescens,amepip,0.8530000000000001,0.0713
444,77,Piping Plover,Charadriiformes,Charadriidae (Plovers and Lapwings),3324328,Charadrius melodus,charadriusmelodus,pipplo,0.004,0.0011
445,209,Steller's Jay,Passeriformes,"Corvidae (Crows, Jays, and Magpies)",3306513,Cyanocitta stelleri,cyanocittastelleri,stejay,0.1284,0.1284
446,210,Baird's Sparrow,Passeriformes,Passerellidae (New World Sparrows),3282848,Centronyx bairdii,centronyxbairdii,baispa,0.013900000000000001,0.0137
447,211,Oak Titmouse,Passeriformes,"Paridae (Tits, Chickadees, and Titmice)",3278135,Baeolophus inornatus,baeolophusinornatus,oaktit,0.0189,0.0189
448,46,Mottled Duck,Anseriformes,"Anatidae (Ducks, Geese, and Waterfowl)",3266033,Anas fulvigula,anasfulvigula,motduc,0.0149,0.0149
449,212,Acadian Flycatcher,Passeriformes,Tyrannidae (Tyrant Flycatchers),3205261,Empidonax virescens,empidonaxvirescens,acafly,0.1575,0.1081
450,78,Marbled Murrelet,Charadriiformes,"Alcidae (Auks, Murres, and Puffins)",3152711,Brachyramphus marmoratus,brachyramphusmarmoratus,marmur,0.0883,0.0263
451,213,Townsend's Solitaire,Passeriformes,Turdidae (Thrushes and Allies),3121872,Myadestes townsendi,myadestestownsendi,towsol,0.2153,0.0217
452,8,Pileated Woodpecker,Piciformes,Picidae (Woodpeckers),3047091,Dryocopus pileatus,dryocopuspileatus,pilwoo,0.2252,0.2252
453,11,Northern Harrier,Accipitriformes,"Accipitridae (Hawks, Eagles, and Kites)",2986142,Circus hudsonius,circushudsonius,norhar2,0.4072,0.0505
454,214,Olive-sided Flycatcher,Passeriformes,Tyrannidae (Tyrant Flycatchers),2977451,Contopus cooperi,contopuscooperi,olsfly,0.0878,0.035
455,215,Northern Shrike,Passeriformes,Laniidae (Shrikes),2974395,Lanius borealis,laniusborealis,norshr4,0.0567,0.0057
456,216,Cassin's Sparrow,Passeriformes,Passerellidae (New World Sparrows),2929118,Peucaea cassinii,peucaeacassinii,casspa,0.1447,0.069
457,47,Ross's Goose,Anseriformes,"Anatidae (Ducks, Geese, and Waterfowl)",2919586,Anser rossii,anserrossii,rosgoo,0.3052,0.1532
458,79,Bristle-thighed Curlew,Charadriiformes,Scolopacidae (Sandpipers and Allies),2914513,Numenius tahitiensis,numeniustahitiensis,brtcur,0.0022,0.0022
459,12,Red-billed Pigeon,Columbiformes,Columbidae (Pigeons and Doves),2872718,Patagioenas flavirostris,patagioenasflavirostris,rebpig1,0,0
460,217,Cassin's Vireo,Passeriformes,"Vireonidae (Vireos, Shrike-Babblers, and Erpornis)",2713318,Vireo cassinii,vireocassinii,casvir,0.055900000000000005,0.0218
461,12,Cooper's Hawk,Accipitriformes,"Accipitridae (Hawks, Eagles, and Kites)",2701765,Accipiter cooperii,accipitercooperii,coohaw,0.1548,0.0216
462,218,Boat-tailed Grackle,Passeriformes,Icteridae (Troupials and Allies),2686351,Quiscalus major,quiscalusmajor,botgra,0.1136,0.1136
463,48,Steller's Eider,Anseriformes,"Anatidae (Ducks, Geese, and Waterfowl)",2675130,Polysticta stelleri,polystictastelleri,steeid,0.0092,3e-4
464,13,Osprey,Accipitriformes,Pandionidae (Osprey),2657166,Pandion haliaetus,pandionhaliaetus,osprey,0.07339999999999999,0.0235
465,80,Aleutian Tern,Charadriiformes,"Laridae (Gulls, Terns, and Skimmers)",2652093,Onychoprion aleuticus,onychoprionaleuticus,aleter1,0.0031,0.0017
466,219,Cactus Wren,Passeriformes,Troglodytidae (Wrens),2577408,Campylorhynchus brunneicapillus,campylorhynchusbrunneicapillus,cacwre,0.0429,0.0429
467,220,Sprague's Pipit,Passeriformes,Motacillidae (Wagtails and Pipits),2528589,Anthus spragueii,anthusspragueii,sprpip,0.0169,0.0106
468,221,Connecticut Warbler,Passeriformes,Parulidae (New World Warblers),2526427,Oporornis agilis,oporornisagilis,conwar,0.0018999999999999998,3e-4
469,222,Sagebrush Sparrow,Passeriformes,Passerellidae (New World Sparrows),2521200,Artemisiospiza nevadensis,artemisiospizanevadensis,sagspa1,0.0566,0.0136
470,223,Black-tailed Gnatcatcher,Passeriformes,Polioptilidae (Gnatcatchers),2507969,Polioptila melanura,polioptilamelanura,bktgna,0.0319,0.0319
471,81,Black Oystercatcher,Charadriiformes,Haematopodidae (Oystercatchers),2475260,Haematopus bachmani,haematopusbachmani,blkoys,0.0097,0.0035
472,224,Brown-headed Nuthatch,Passeriformes,Sittidae (Nuthatches),2468792,Sitta pusilla,sittapusilla,bnhnut,0.0455,0.0455
473,10,Northern Bobwhite,Galliformes,Odontophoridae (New World Quail),2466028,Colinus virginianus,colinusvirginianus,norbob,0.1834,0.1834
474,9,Acorn Woodpecker,Piciformes,Picidae (Woodpeckers),2462650,Melanerpes formicivorus,melanerpesformicivorus,acowoo,0.0365,0.0365
475,225,Northern Beardless-Tyrannulet,Passeriformes,Tyrannidae (Tyrant Flycatchers),2430583,Camptostoma imberbe,camptostomaimberbe,nobtyr,0.0012,7e-4
476,226,Couch's Kingbird,Passeriformes,Tyrannidae (Tyrant Flycatchers),2322121,Tyrannus couchii,tyrannuscouchii,coukin,0.0083,0.0083
477,227,Yellow-eyed Junco,Passeriformes,Passerellidae (New World Sparrows),2272404,Junco phaeonotus,juncophaeonotus,yeejun,5e-4,5e-4
478,11,Plain Chachalaca,Galliformes,"Cracidae (Guans, Chachalacas, and Curassows)",2243214,Ortalis vetula,ortalisvetula,placha,1e-4,1e-4
479,10,Nuttall's Woodpecker,Piciformes,Picidae (Woodpeckers),2218314,Dryobates nuttallii,dryobatesnuttallii,nutwoo,0.0118,0.0118
480,14,Gray Hawk,Accipitriformes,"Accipitridae (Hawks, Eagles, and Kites)",2197816,Buteo plagiatus,buteoplagiatus,gryhaw2,0.0011,7e-4
481,15,Vaux's Swift,Caprimulgiformes,Apodidae (Swifts),2170104,Chaetura vauxi,chaeturavauxi,vauswi,0.1121,0.0152
482,228,Black-crested Titmouse,Passeriformes,"Paridae (Tits, Chickadees, and Titmice)",2150823,Baeolophus atricristatus,baeolophusatricristatus,blctit4,0.0375,0.0375
483,17,Least Bittern,Pelecaniformes,"Ardeidae (Herons, Egrets, and Bitterns)",2137610,Ixobrychus exilis,ixobrychusexilis,leabit,0.0058,0.0029
484,229,Gray Flycatcher,Passeriformes,Tyrannidae (Tyrant Flycatchers),2100522,Empidonax wrightii,empidonaxwrightii,gryfly,0.0591,0.0173
485,230,Cordilleran Flycatcher,Passeriformes,Tyrannidae (Tyrant Flycatchers),2094536,Empidonax occidentalis,empidonaxoccidentalis,corfly,0.0295,0.0225
486,5,Aplomado Falcon,Falconiformes,Falconidae (Falcons and Caracaras),2012090,Falco femoralis,falcofemoralis,aplfal,0,0
487,231,Rose-throated Becard,Passeriformes,Tityridae (Tityras and Allies),1978747,Pachyramphus aglaiae,pachyramphusaglaiae,rotbec,0,0
488,232,Lawrence's Goldfinch,Passeriformes,"Fringillidae (Finches, Euphonias, and Allies)",1960904,Spinus lawrencei,spinuslawrencei,lawgol,0.034100000000000005,0.0102
489,233,Woodhouse's Scrub-Jay,Passeriformes,"Corvidae (Crows, Jays, and Magpies)",1948407,Aphelocoma woodhouseii,aphelocomawoodhouseii,wooscj2,0.045,0.045
490,234,California Scrub-Jay,Passeriformes,"Corvidae (Crows, Jays, and Magpies)",1940297,Aphelocoma californica,aphelocomacalifornica,cowscj1,0.0457,0.0457
491,235,Hutton's Vireo,Passeriformes,"Vireonidae (Vireos, Shrike-Babblers, and Erpornis)",1892097,Vireo huttoni,vireohuttoni,hutvir,0.0155,0.0155
492,236,Orange-billed Nightingale-Thrush,Passeriformes,Turdidae (Thrushes and Allies),1882602,Catharus aurantiirostris,catharusaurantiirostris,obnthr1,0,0
493,11,Red-headed Woodpecker,Piciformes,Picidae (Woodpeckers),1815209,Melanerpes erythrocephalus,melanerpeserythrocephalus,rehwoo,0.3913,0.1215
494,49,Masked Duck,Anseriformes,"Anatidae (Ducks, Geese, and Waterfowl)",1800137,Nomonyx dominicus,nomonyxdominicus,masduc,0,0
495,8,Long-eared Owl,Strigiformes,Strigidae (Owls),1797542,Asio otus,asiootus,loeowl,0.0031999999999999997,5e-4
496,12,Red-breasted Sapsucker,Piciformes,Picidae (Woodpeckers),1792429,Sphyrapicus ruber,sphyrapicusruber,rebsap,0.031400000000000004,0.0118
497,16,Eastern Whip-poor-will,Caprimulgiformes,Caprimulgidae (Nightjars and Allies),1767806,Antrostomus vociferus,antrostomusvociferus,easwpw1,0.0563,0.0317
498,4,Mangrove Cuckoo,Cuculiformes,Cuculidae (Cuckoos),1758807,Coccyzus minor,coccyzusminor,mancuc,0,0
499,12,Ruffed Grouse,Galliformes,"Phasianidae (Pheasants, Grouse, and Allies)",1755721,Bonasa umbellus,bonasaumbellus,rufgro,0.0569,0.0569
500,15,White-tailed Hawk,Accipitriformes,"Accipitridae (Hawks, Eagles, and Kites)",1753032,Geranoaetus albicaudatus,geranoaetusalbicaudatus,whthaw,0.0024,0.0024
501,237,Pygmy Nuthatch,Passeriformes,Sittidae (Nuthatches),1751996,Sitta pygmaea,sittapygmaea,pygnut,0.0354,0.0354
502,238,Cassin's Kingbird,Passeriformes,Tyrannidae (Tyrant Flycatchers),1725616,Tyrannus vociferans,tyrannusvociferans,caskin,0.0616,0.0322
503,16,Northern Goshawk,Accipitriformes,"Accipitridae (Hawks, Eagles, and Kites)",1712821,Accipiter gentilis,accipitergentilis,norgos,0.027299999999999998,0.0021
504,17,Common Black Hawk,Accipitriformes,"Accipitridae (Hawks, Eagles, and Kites)",1703763,Buteogallus anthracinus,buteogallusanthracinus,comblh1,0.0014000000000000002,8e-4
505,239,Sage Thrasher,Passeriformes,Mimidae (Mockingbirds and Thrashers),1680548,Oreoscoptes montanus,oreoscoptesmontanus,sagthr,0.0941,0.0326
506,13,American Three-toed Woodpecker,Piciformes,Picidae (Woodpeckers),1678680,Picoides dorsalis,picoidesdorsalis,attwoo1,0.0109,0.0109
507,240,Canyon Wren,Passeriformes,Troglodytidae (Wrens),1659606,Catherpes mexicanus,catherpesmexicanus,canwre,0.024,0.024
508,241,Altamira Oriole,Passeriformes,Icteridae (Troupials and Allies),1644410,Icterus gularis,icterusgularis,altori,0,0
509,242,Tricolored Blackbird,Passeriformes,Icteridae (Troupials and Allies),1638584,Agelaius tricolor,agelaiustricolor,tribla,0.0526,0.0526
510,243,Mexican Jay,Passeriformes,"Corvidae (Crows, Jays, and Magpies)",1625230,Aphelocoma wollweberi,aphelocomawollweberi,mexjay4,0.0056,0.0056
511,244,Rufous-crowned Sparrow,Passeriformes,Passerellidae (New World Sparrows),1607966,Aimophila ruficeps,aimophilaruficeps,rucspa,0.0206,0.0206
512,245,Green Jay,Passeriformes,"Corvidae (Crows, Jays, and Magpies)",1599865,Cyanocorax yncas,cyanocoraxyncas,grnjay,0.0132,0.0132
513,14,Ladder-backed Woodpecker,Piciformes,Picidae (Woodpeckers),1563825,Dryobates scalaris,dryobatesscalaris,labwoo,0.0551,0.0551
514,7,Clark's Grebe,Podicipediformes,Podicipedidae (Grebes),1561115,Aechmophorus clarkii,aechmophorusclarkii,clagre,0.0073,0.0025
515,246,Thick-billed Kingbird,Passeriformes,Tyrannidae (Tyrant Flycatchers),1542747,Tyrannus crassirostris,tyrannuscrassirostris,thbkin,0,0
516,17,Antillean Nighthawk,Caprimulgiformes,Caprimulgidae (Nightjars and Allies),1529421,Chordeiles gundlachii,chordeilesgundlachii,antnig,0,0
517,247,Blue-winged Warbler,Passeriformes,Parulidae (New World Warblers),1528031,Vermivora cyanoptera,vermivoracyanoptera,buwwar,0.0382,0.0137
518,18,Short-tailed Hawk,Accipitriformes,"Accipitridae (Hawks, Eagles, and Kites)",1520986,Buteo brachyurus,buteobrachyurus,shthaw,4e-4,4e-4
519,15,Gilded Flicker,Piciformes,Picidae (Woodpeckers),1500251,Colaptes chrysoides,colapteschrysoides,gilfli,0.0046,0.0046
520,248,Louisiana Waterthrush,Passeriformes,Parulidae (New World Warblers),1496916,Parkesia motacilla,parkesiamotacilla,louwat,0.0775,0.0357
521,249,Verdin,Passeriformes,Remizidae (Penduline-Tits),1472401,Auriparus flaviceps,auriparusflaviceps,verdin,0.0699,0.0699
522,1,Elegant Trogon,Trogoniformes,Trogonidae (Trogons),1449734,Trogon elegans,trogonelegans,eletro,1e-4,1e-4
523,250,Cassin's Finch,Passeriformes,"Fringillidae (Finches, Euphonias, and Allies)",1444893,Haemorhous cassinii,haemorhouscassinii,casfin,0.17359999999999998,0.0608
524,251,Phainopepla,Passeriformes,Ptiliogonatidae (Silky-flycatchers),1434999,Phainopepla nitens,phainopeplanitens,phaino,0.0388,0.0388
525,9,Clapper Rail,Gruiformes,"Rallidae (Rails, Gallinules, and Coots)",1434067,Rallus crepitans,ralluscrepitans,clarai11,0.0074,0.002
526,252,Hooded Oriole,Passeriformes,Icteridae (Troupials and Allies),1401016,Icterus cucullatus,icteruscucullatus,hooori,0.0182,0.0105
527,253,Fish Crow,Passeriformes,"Corvidae (Crows, Jays, and Magpies)",1366656,Corvus ossifragus,corvusossifragus,fiscro,0.465,0.0752
528,10,Virginia Rail,Gruiformes,"Rallidae (Rails, Gallinules, and Coots)",1311282,Rallus limicola,ralluslimicola,virrai,0.0197,0.0069
529,16,Black-backed Woodpecker,Piciformes,Picidae (Woodpeckers),1297213,Picoides arcticus,picoidesarcticus,bkbwoo,0.0034,0.0034
530,19,Sharp-shinned Hawk,Accipitriformes,"Accipitridae (Hawks, Eagles, and Kites)",1282643,Accipiter striatus,accipiterstriatus,shshaw,0.1181,0.0049
531,20,Mississippi Kite,Accipitriformes,"Accipitridae (Hawks, Eagles, and Kites)",1246978,Ictinia mississippiensis,ictiniamississippiensis,miskit,0.1121,0.0589
532,18,Rivoli's Hummingbird,Caprimulgiformes,Trochilidae (Hummingbirds),1235568,Eugenes fulgens,eugenesfulgens,maghum1,1e-4,1e-4
533,17,Red-naped Sapsucker,Piciformes,Picidae (Woodpeckers),1229404,Sphyrapicus nuchalis,sphyrapicusnuchalis,rensap,0.0494,0.0164
534,50,Emperor Goose,Anseriformes,"Anatidae (Ducks, Geese, and Waterfowl)",1229041,Anser canagicus,ansercanagicus,empgoo,0.0596,0.0063
535,19,Mexican Violetear,Caprimulgiformes,Trochilidae (Hummingbirds),1219067,Colibri thalassinus,colibrithalassinus,grnvie1,0,0
536,254,Cave Swallow,Passeriformes,Hirundinidae (Swallows),1203222,Petrochelidon fulva,petrochelidonfulva,cavswa,0.1267,0.0413
537,255,Yellow-billed Magpie,Passeriformes,"Corvidae (Crows, Jays, and Magpies)",1195742,Pica nuttalli,picanuttalli,yebmag,0.0028,0.0028
538,18,American Bittern,Pelecaniformes,"Ardeidae (Herons, Egrets, and Bitterns)",1090945,Botaurus lentiginosus,botauruslentiginosus,amebit,0.013,0.0055
539,256,Golden-winged Warbler,Passeriformes,Parulidae (New World Warblers),1066346,Vermivora chrysoptera,vermivorachrysoptera,gowwar,0.0182,0.0062
540,5,Black-billed Cuckoo,Cuculiformes,Cuculidae (Cuckoos),1040875,Coccyzus erythropthalmus,coccyzuserythropthalmus,bkbcuc,0.0315,0.0171
541,9,Western Screech-Owl,Strigiformes,Strigidae (Owls),1012379,Megascops kennicottii,megascopskennicottii,wesowl1,0.0141,0.0141
542,21,White-tailed Kite,Accipitriformes,"Accipitridae (Hawks, Eagles, and Kites)",1005770,Elanus leucurus,elanusleucurus,whtkit,0.0018,0.0018
543,257,Painted Redstart,Passeriformes,Parulidae (New World Warblers),987555,Myioborus pictus,myioboruspictus,paired,0.0056,0.0019
544,258,Pinyon Jay,Passeriformes,"Corvidae (Crows, Jays, and Magpies)",954939,Gymnorhinus cyanocephalus,gymnorhinuscyanocephalus,pinjay,0.2571,0.2571
545,259,California Thrasher,Passeriformes,Mimidae (Mockingbirds and Thrashers),954156,Toxostoma redivivum,toxostomaredivivum,calthr,0.0064,0.0064
546,20,Blue-throated Hummingbird,Caprimulgiformes,Trochilidae (Hummingbirds),936960,Lampornis clemenciae,lampornisclemenciae,buthum,0,0
547,6,Greater Roadrunner,Cuculiformes,Cuculidae (Cuckoos),933608,Geococcyx californianus,geococcyxcalifornianus,greroa,0.0326,0.0326
548,260,Cerulean Warbler,Passeriformes,Parulidae (New World Warblers),899893,Setophaga cerulea,setophagacerulea,cerwar,0.012299999999999998,0.0062
549,261,Gray Vireo,Passeriformes,"Vireonidae (Vireos, Shrike-Babblers, and Erpornis)",856231,Vireo vicinior,vireovicinior,gryvir,0.0052,0
550,262,Crescent-chested Warbler,Passeriformes,Parulidae (New World Warblers),822505,Oreothlypis superciliosa,oreothlypissuperciliosa,crcwar,0,0
551,263,Audubon's Oriole,Passeriformes,Icteridae (Troupials and Allies),793060,Icterus graduacauda,icterusgraduacauda,audori,0.002,0.002
552,21,Common Poorwill,Caprimulgiformes,Caprimulgidae (Nightjars and Allies),778403,Phalaenoptilus nuttallii,phalaenoptilusnuttallii,compoo,0.10700000000000001,0.0635
553,10,Eastern Screech-Owl,Strigiformes,Strigidae (Owls),762610,Megascops asio,megascopsasio,easowl1,0.0751,0.0751
554,264,Chihuahuan Raven,Passeriformes,"Corvidae (Crows, Jays, and Magpies)",753541,Corvus cryptoleucus,corvuscryptoleucus,chirav,0.049,0.049
555,22,Lucifer Hummingbird,Caprimulgiformes,Trochilidae (Hummingbirds),750983,Calothorax lucifer,calothoraxlucifer,luchum,5e-4,1e-4
556,13,Sharp-tailed Grouse,Galliformes,"Phasianidae (Pheasants, Grouse, and Allies)",743991,Tympanuchus phasianellus,tympanuchusphasianellus,shtgro,0.128,0.128
557,265,Mexican Chickadee,Passeriformes,"Paridae (Tits, Chickadees, and Titmice)",714932,Poecile sclateri,poecilesclateri,mexchi,0,0
558,6,Red-crowned Parrot,Psittaciformes,Psittacidae (New World and African Parrots),701627,Amazona viridigenalis,amazonaviridigenalis,recpar,7e-4,7e-4
559,82,American Woodcock,Charadriiformes,Scolopacidae (Sandpipers and Allies),698716,Scolopax minor,scolopaxminor,amewoo,0.1177,0.0118
560,83,Mountain Plover,Charadriiformes,Charadriidae (Plovers and Lapwings),697302,Charadrius montanus,charadriusmontanus,mouplo,0.0039,5e-4
561,266,Greater Pewee,Passeriformes,Tyrannidae (Tyrant Flycatchers),610894,Contopus pertinax,contopuspertinax,grepew,3.0000000000000003e-4,2e-4
562,267,Olive Warbler,Passeriformes,Peucedramidae (Olive Warbler),596362,Peucedramus taeniatus,peucedramustaeniatus,oliwar,6e-4,6e-4
563,268,Black Rosy-Finch,Passeriformes,"Fringillidae (Finches, Euphonias, and Allies)",583462,Leucosticte atrata,leucosticteatrata,bkrfin,0.013399999999999999,0.0027
564,269,Buff-breasted Flycatcher,Passeriformes,Tyrannidae (Tyrant Flycatchers),566520,Empidonax fulvifrons,empidonaxfulvifrons,bubfly,0,0
565,270,Red-faced Warbler,Passeriformes,Parulidae (New World Warblers),553045,Cardellina rubrifrons,cardellinarubrifrons,refwar,0.0025,0.0014
566,271,Rufous-winged Sparrow,Passeriformes,Passerellidae (New World Sparrows),552448,Peucaea carpalis,peucaeacarpalis,ruwspa,0.0022,0.0022
567,23,Buff-bellied Hummingbird,Caprimulgiformes,Trochilidae (Hummingbirds),540598,Amazilia yucatanensis,amaziliayucatanensis,bubhum,0,0
568,272,California Gnatcatcher,Passeriformes,Polioptilidae (Gnatcatchers),536415,Polioptila californica,polioptilacalifornica,calgna,2e-4,2e-4
569,273,Long-billed Thrasher,Passeriformes,Mimidae (Mockingbirds and Thrashers),518013,Toxostoma longirostre,toxostomalongirostre,lobthr,0.0068,0.0068
570,274,Swainson's Warbler,Passeriformes,Parulidae (New World Warblers),474907,Limnothlypis swainsonii,limnothlypisswainsonii,swawar,0.011699999999999999,0.0069
571,11,Whooping Crane,Gruiformes,Gruidae (Cranes),446204,Grus americana,grusamericana,whocra,4e-4,1e-4
572,275,Black-chinned Sparrow,Passeriformes,Passerellidae (New World Sparrows),421334,Spizella atrogularis,spizellaatrogularis,bkcspa,0.0118,0.0048
573,24,Black Swift,Caprimulgiformes,Apodidae (Swifts),407663,Cypseloides niger,cypseloidesniger,blkswi,0.0049,0.0029
574,276,Juniper Titmouse,Passeriformes,"Paridae (Tits, Chickadees, and Titmice)",398557,Baeolophus ridgwayi,baeolophusridgwayi,juntit1,0.0178,0.0178
575,277,Bell's Sparrow,Passeriformes,Passerellidae (New World Sparrows),373333,Artemisiospiza belli,artemisiospizabelli,belspa2,0.025099999999999997,0.0056
576,278,Brown-capped Rosy-Finch,Passeriformes,"Fringillidae (Finches, Euphonias, and Allies)",364243,Leucosticte australis,leucosticteaustralis,bcrfin,0.0143,7e-4
577,279,Black-capped Vireo,Passeriformes,"Vireonidae (Vireos, Shrike-Babblers, and Erpornis)",353289,Vireo atricapilla,vireoatricapilla,bkcvir1,0.0045000000000000005,0.0037
578,280,Clark's Nutcracker,Passeriformes,"Corvidae (Crows, Jays, and Magpies)",352967,Nucifraga columbiana,nucifragacolumbiana,clanut,0.0943,0.0943
579,11,Northern Saw-whet Owl,Strigiformes,Strigidae (Owls),336152,Aegolius acadicus,aegoliusacadicus,nswowl,0.0383,0.002
580,51,Spectacled Eider,Anseriformes,"Anatidae (Ducks, Geese, and Waterfowl)",327035,Somateria fischeri,somateriafischeri,speeid,0.0011,0.0011
581,14,Greater Prairie-Chicken,Galliformes,"Phasianidae (Pheasants, Grouse, and Allies)",319332,Tympanuchus cupido,tympanuchuscupido,grpchi,0.0674,0.0674
582,281,American Dipper,Passeriformes,Cinclidae (Dippers),307011,Cinclus mexicanus,cinclusmexicanus,amedip,0.0048,0.0048
583,282,Abert's Towhee,Passeriformes,Passerellidae (New World Sparrows),296667,Melozone aberti,melozoneaberti,abetow,0.0061,0.0061
584,15,Greater Sage-Grouse,Galliformes,"Phasianidae (Pheasants, Grouse, and Allies)",295714,Centrocercus urophasianus,centrocercusurophasianus,saggro,0.0912,0.0912
585,283,Henslow's Sparrow,Passeriformes,Passerellidae (New World Sparrows),283124,Centronyx henslowii,centronyxhenslowii,henspa,0.015300000000000001,0.01
586,284,Fan-tailed Warbler,Passeriformes,Parulidae (New World Warblers),280453,Basileuterus lachrymosus,basileuteruslachrymosus,fatwar,0,0
587,25,Mexican Whip-poor-will,Caprimulgiformes,Caprimulgidae (Nightjars and Allies),272542,Antrostomus arizonae,antrostomusarizonae,souwpw1,0.0013,9e-4
588,12,King Rail,Gruiformes,"Rallidae (Rails, Gallinules, and Coots)",260297,Rallus elegans,ralluselegans,kinrai4,0.0036,0.001
589,285,Golden-cheeked Warbler,Passeriformes,Parulidae (New World Warblers),225808,Setophaga chrysoparia,setophagachrysoparia,gchwar,0.003,0.0015
590,286,Bridled Titmouse,Passeriformes,"Paridae (Tits, Chickadees, and Titmice)",216597,Baeolophus wollweberi,baeolophuswollweberi,britit,0.0063,0.0063
591,22,Ferruginous Hawk,Accipitriformes,"Accipitridae (Hawks, Eagles, and Kites)",206156,Buteo regalis,buteoregalis,ferhaw,0.0358,0.0052
592,12,Northern Pygmy-Owl,Strigiformes,Strigidae (Owls),204313,Glaucidium gnoma,glaucidiumgnoma,nopowl,0.0063,0.0063
593,16,Montezuma Quail,Galliformes,Odontophoridae (New World Quail),203089,Cyrtonyx montezumae,cyrtonyxmontezumae,monqua,0.0012,0.0012
594,287,Seaside Sparrow,Passeriformes,Passerellidae (New World Sparrows),196702,Ammospiza maritima,ammospizamaritima,seaspa,0.0053,0.0026
595,17,Sooty Grouse,Galliformes,"Phasianidae (Pheasants, Grouse, and Allies)",192833,Dendragapus fuliginosus,dendragapusfuliginosus,soogro1,0.0077,0.0077
596,13,Black Rail,Gruiformes,"Rallidae (Rails, Gallinules, and Coots)",173792,Laterallus jamaicensis,laterallusjamaicensis,blkrai,0,0
597,288,Crimson-collared Grosbeak,Passeriformes,Cardinalidae (Cardinals and Allies),170974,Rhodothraupis celaeno,rhodothraupiscelaeno,crcgro,0,0
598,23,Zone-tailed Hawk,Accipitriformes,"Accipitridae (Hawks, Eagles, and Kites)",164601,Buteo albonotatus,buteoalbonotatus,zothaw,0.0046,0.0022
599,6,Prairie Falcon,Falconiformes,Falconidae (Falcons and Caracaras),157611,Falco mexicanus,falcomexicanus,prafal,0.0404,0.0057
600,13,Whiskered Screech-Owl,Strigiformes,Strigidae (Owls),154812,Megascops trichopsis,megascopstrichopsis,whsowl1,2e-4,2e-4
601,18,Red-cockaded Woodpecker,Piciformes,Picidae (Woodpeckers),152263,Dryobates borealis,dryobatesborealis,recwoo,0.0025,0.0025
602,289,Kirtland's Warbler,Passeriformes,Parulidae (New World Warblers),140417,Setophaga kirtlandii,setophagakirtlandii,kirwar,5e-4,2e-4
603,19,Williamson's Sapsucker,Piciformes,Picidae (Woodpeckers),131208,Sphyrapicus thyroideus,sphyrapicusthyroideus,wilsap,0.0131,0.0051
604,18,Dusky Grouse,Galliformes,"Phasianidae (Pheasants, Grouse, and Allies)",128408,Dendragapus obscurus,dendragapusobscurus,dusgro,0.0109,0.0109
605,290,Saltmarsh Sparrow,Passeriformes,Passerellidae (New World Sparrows),121215,Ammospiza caudacuta,ammospizacaudacuta,sstspa,4e-4,2e-4
606,20,Arizona Woodpecker,Piciformes,Picidae (Woodpeckers),120506,Dryobates arizonae,dryobatesarizonae,ariwoo,3e-4,3e-4
607,291,Bendire's Thrasher,Passeriformes,Mimidae (Mockingbirds and Thrashers),110350,Toxostoma bendirei,toxostomabendirei,benthr,0.0029,0.0013
608,292,Bachman's Sparrow,Passeriformes,Passerellidae (New World Sparrows),103004,Peucaea aestivalis,peucaeaaestivalis,bacspa,0.0079,0.0079
609,21,Lewis's Woodpecker,Piciformes,Picidae (Woodpeckers),100094,Melanerpes lewis,melanerpeslewis,lewwoo,0.0212,0.0048
610,3,California Condor,Cathartiformes,Cathartidae (New World Vultures),94220,Gymnogyps californianus,gymnogypscalifornianus,calcon,3e-4,3e-4
611,19,Mountain Quail,Galliformes,Odontophoridae (New World Quail),87015,Oreortyx pictus,oreortyxpictus,mouqua,0.0171,0.0171
612,20,White-tailed Ptarmigan,Galliformes,"Phasianidae (Pheasants, Grouse, and Allies)",85480,Lagopus leucura,lagopusleucura,whtpta1,0.0078,0.0078
613,22,White-headed Woodpecker,Piciformes,Picidae (Woodpeckers),78716,Dryobates albolarvatus,dryobatesalbolarvatus,whhwoo,0.0042,0.0042
614,293,Crissal Thrasher,Passeriformes,Mimidae (Mockingbirds and Thrashers),53171,Toxostoma crissale,toxostomacrissale,crithr,0.0134,0.0134
615,294,LeConte's Thrasher,Passeriformes,Mimidae (Mockingbirds and Thrashers),27885,Toxostoma lecontei,toxostomalecontei,lecthr,0.0018,0.0018
616,14,Flammulated Owl,Strigiformes,Strigidae (Owls),23823,Psiloscops flammeolus,psiloscopsflammeolus,flaowl,0.0087,0.0065
617,295,Cassia Crossbill,Passeriformes,"Fringillidae (Finches, Euphonias, and Allies)",22428,Loxia sinesciuris,loxiasinesciuris,redcro9,0,0
618,296,Island Scrub-Jay,Passeriformes,"Corvidae (Crows, Jays, and Magpies)",8368,Aphelocoma insularis,aphelocomainsularis,issjay,1e-4,1e-4
619,297,Florida Scrub-Jay,Passeriformes,"Corvidae (Crows, Jays, and Magpies)",7629,Aphelocoma coerulescens,aphelocomacoerulescens,flsjay,4e-4,4e-4
620,14,Ridgway's Rail,Gruiformes,"Rallidae (Rails, Gallinules, and Coots)",7624,Rallus obsoletus,rallusobsoletus,ridrai1,0,0
621,298,Bicknell's Thrush,Passeriformes,Turdidae (Thrushes and Allies),3894,Catharus bicknelli,catharusbicknelli,bicthr,9e-4,6e-4
